TEAM,GP,W,L,MIN,"EST. 
OFFRTG","EST. 
DEFRTG","EST. 
NETRTG","EST. 
AST RATIO","EST. 
OREB%","EST. 
DREB%","EST. 
REB%","EST. 
TOV%","EST. 
PACE",Season
Boston Celtics,66,52,14,3193,119.8,108.8,11.0,19.1,24.8,76.4,51.9,12.0,100.00,2023
Oklahoma City Thunder,67,47,20,3236,117.7,109.6,8.1,19.3,21.1,73.2,48.2,12.1,102.30,2023
Denver Nuggets,67,47,20,3221,115.4,111.4,4.0,20.8,25.6,75.5,51.2,12.6,99.10,2023
Minnesota Timberwolves,67,46,21,3241,112.8,105.9,6.9,19.1,23.4,77.1,51.8,14.3,99.80,2023
Milwaukee Bucks,67,43,24,3231,116.9,113.0,3.8,18.9,21.4,77.1,50.0,12.3,102.80,2023
LA Clippers,66,42,24,3173,117.1,112.4,4.7,18.8,24.4,74.6,50.4,13.1,99.90,2023
Cleveland Cavaliers,67,42,25,3241,113.4,108.5,4.8,19.9,23.7,77.1,50.9,13.4,99.80,2023
New Orleans Pelicans,67,41,26,3221,115.5,109.8,5.7,19.4,25.2,76.6,51.3,13.1,100.70,2023
New York Knicks,67,40,27,3216,113.2,110.5,2.6,17.4,29.6,76.6,53.1,13.6,98.20,2023
Phoenix Suns,67,39,28,3236,114.8,112.0,2.8,19.0,25.4,75.0,51.6,14.6,101.20,2023
Orlando Magic,67,39,28,3236,110.6,109.0,1.6,17.9,25.8,77.8,51.6,14.8,99.50,2023
Indiana Pacers,68,38,30,3269,117.4,115.9,1.5,20.8,23.6,74.3,48.8,12.6,104.60,2023
Dallas Mavericks,67,38,29,3216,116.0,114.4,1.6,18.3,22.3,74.1,48.3,12.1,102.70,2023
Sacramento Kings,66,38,28,3198,114.3,114.3,0.1,20.0,23.9,78.9,50.7,12.9,101.90,2023
Philadelphia 76ers,67,37,30,3226,114.0,112.2,1.8,17.8,24.9,74.0,49.0,11.8,100.40,2023
Los Angeles Lakers,68,36,32,3289,113.2,113.5,-0.3,20.2,19.6,75.7,48.9,13.2,102.90,2023
Miami Heat,66,36,30,3173,111.5,110.4,1.1,19.0,22.0,77.6,49.5,12.9,98.90,2023
Golden State Warriors,66,35,31,3198,114.4,113.2,1.1,19.8,27.6,76.1,51.9,13.9,102.40,2023
Chicago Bulls,68,33,35,3319,111.9,113.0,-1.0,18.1,24.8,76.4,50.0,12.3,98.70,2023
Houston Rockets,67,32,35,3241,110.5,110.0,0.5,17.7,24.9,76.7,50.7,12.7,101.60,2023
Atlanta Hawks,66,29,37,3188,114.7,116.9,-2.2,18.1,27.8,74.2,50.1,12.8,103.30,2023
Utah Jazz,67,29,38,3241,113.1,117.2,-4.0,19.2,28.6,75.8,52.4,15.0,102.60,2023
Brooklyn Nets,67,26,41,3231,111.2,113.6,-2.4,18.9,25.0,76.0,49.6,12.9,99.90,2023
Toronto Raptors,67,23,44,3241,111.4,114.9,-3.5,20.3,24.6,74.8,49.2,13.1,101.70,2023
Memphis Grizzlies,68,23,45,3279,104.3,111.3,-7.0,18.1,22.7,75.1,48.1,14.9,100.70,2023
Portland Trail Blazers,67,19,48,3256,106.0,114.4,-8.5,16.6,27.1,73.4,48.9,15.0,100.20,2023
Charlotte Hornets,68,17,51,3274,106.7,116.4,-9.7,18.1,21.9,74.9,47.4,13.8,99.90,2023
San Antonio Spurs,67,14,53,3226,107.8,115.4,-7.6,20.5,23.0,75.6,48.9,14.4,103.60,2023
Detroit Pistons,66,12,54,3183,108.7,116.4,-7.7,18.6,25.0,77.8,50.9,15.1,102.80,2023
Washington Wizards,67,11,56,3221,108.4,117.3,-8.9,19.7,19.9,71.8,45.1,13.2,105.20,2023
Milwaukee Bucks,82,58,24,3966,112.8,109.4,3.3,18.1,25.0,77.8,52.4,14.1,102.80,2022
Boston Celtics,82,57,25,3996,115.7,108.8,7.0,19.1,22.1,78.5,50.7,13.1,100.60,2022
Philadelphia 76ers,82,54,28,3976,115.5,110.2,5.2,18.6,21.6,77.2,49.9,13.7,99.20,2022
Denver Nuggets,82,53,29,3951,115.0,111.7,3.3,20.5,24.8,76.4,51.3,14.4,100.30,2022
Memphis Grizzlies,82,51,31,3956,112.3,108.3,4.0,18.2,26.5,75.9,51.2,13.1,103.70,2022
Cleveland Cavaliers,82,51,31,3976,113.7,107.7,6.0,18.6,23.6,76.3,49.9,13.5,98.00,2022
Sacramento Kings,82,48,34,3966,117.0,114.1,2.9,19.3,22.7,77.2,50.2,13.1,102.50,2022
New York Knicks,82,47,35,3991,114.9,111.8,3.1,16.6,28.3,77.1,52.6,12.9,99.70,2022
Phoenix Suns,82,45,37,3956,112.1,110.1,2.1,19.3,26.6,76.0,50.8,13.4,100.80,2022
Brooklyn Nets,82,45,37,3946,113.0,110.9,2.1,18.9,19.6,73.7,47.3,13.7,100.70,2022
Golden State Warriors,82,44,38,3966,113.5,111.4,2.1,20.4,24.4,76.0,50.7,15.5,104.20,2022
LA Clippers,82,44,38,3966,112.4,112.0,0.3,17.5,22.9,76.6,50.1,14.1,100.20,2022
Miami Heat,82,44,38,3961,110.4,110.6,-0.2,17.8,22.8,77.7,49.2,13.6,98.60,2022
Los Angeles Lakers,82,43,39,3976,111.8,111.5,0.3,17.9,22.8,76.3,50.5,13.4,103.60,2022
Minnesota Timberwolves,82,42,40,3966,111.3,111.1,0.2,18.6,21.5,74.3,48.4,14.7,103.40,2022
New Orleans Pelicans,82,42,40,3971,111.8,109.9,1.9,18.5,24.7,77.4,51.1,14.3,101.40,2022
Atlanta Hawks,82,41,41,3971,113.9,113.6,0.3,17.6,25.1,75.8,50.2,12.4,103.10,2022
Toronto Raptors,82,41,41,3961,112.2,111.4,0.8,17.2,27.8,76.7,50.4,11.6,99.60,2022
Oklahoma City Thunder,82,40,42,3971,112.3,111.4,0.8,17.2,24.7,72.9,48.4,12.5,103.60,2022
Chicago Bulls,82,40,42,3981,111.7,109.4,2.3,18.1,20.1,77.8,49.4,13.2,100.60,2022
Dallas Mavericks,82,38,44,3986,114.3,114.0,0.3,17.4,18.0,75.5,46.4,12.2,98.80,2022
Utah Jazz,82,37,45,3961,112.7,113.8,-1.1,18.2,26.8,75.2,51.4,14.8,103.10,2022
Indiana Pacers,82,35,47,3951,111.0,115.4,-4.4,18.9,23.4,72.2,47.8,14.2,103.80,2022
Washington Wizards,82,35,47,3951,111.5,113.3,-1.8,18.5,22.6,76.1,50.4,13.9,100.80,2022
Orlando Magic,82,34,48,3956,109.0,111.5,-2.4,17.0,23.8,77.7,50.7,14.8,101.70,2022
Portland Trail Blazers,82,33,49,3946,112.0,116.0,-4.0,17.8,22.4,74.9,48.4,14.3,101.00,2022
Charlotte Hornets,82,27,55,3966,106.7,112.6,-5.9,17.8,23.8,75.5,49.1,13.7,103.30,2022
San Antonio Spurs,82,22,60,3971,107.2,117.7,-10.5,18.7,25.6,74.9,49.3,14.5,104.10,2022
Houston Rockets,82,22,60,3951,107.7,116.9,-9.2,16.0,30.2,75.8,52.7,15.8,101.80,2022
Detroit Pistons,82,17,65,3961,107.8,116.1,-8.2,16.7,24.9,74.0,48.7,14.7,101.60,2022
Phoenix Suns,82,64,18,3946,112.5,104.7,7.8,19.5,22.3,77.1,50.5,12.7,102.00,2021
Memphis Grizzlies,82,56,26,3956,111.6,106.2,5.4,17.9,30.0,77.8,53.3,12.7,103.10,2021
Golden State Warriors,82,53,29,3946,110.5,103.9,6.5,19.5,22.8,78.7,51.6,14.8,100.70,2021
Miami Heat,82,53,29,3971,111.2,106.3,4.9,18.8,23.5,78.0,51.2,14.7,98.20,2021
Dallas Mavericks,82,52,30,3951,110.5,106.8,3.7,17.8,21.3,78.0,49.6,12.8,97.50,2021
Milwaukee Bucks,82,51,31,3951,112.5,109.4,3.1,17.3,23.0,78.6,51.4,13.1,102.20,2021
Boston Celtics,82,51,31,3981,112.1,104.0,8.1,18.2,24.0,77.3,51.3,13.7,99.00,2021
Philadelphia 76ers,82,51,31,3961,111.0,108.3,2.7,17.9,20.1,76.8,48.9,12.6,98.40,2021
Utah Jazz,82,49,33,3946,114.0,107.7,6.2,16.7,25.4,78.3,52.7,14.0,99.50,2021
Denver Nuggets,82,48,34,3961,111.7,110.3,1.4,20.0,21.9,78.3,51.0,14.4,99.90,2021
Toronto Raptors,82,48,34,3971,109.6,107.9,1.7,16.1,28.4,75.6,50.7,12.5,98.60,2021
Minnesota Timberwolves,82,46,36,3956,111.3,109.1,2.1,18.1,24.4,74.9,49.0,13.8,103.50,2021
Chicago Bulls,82,46,36,3946,111.0,111.1,-0.1,17.8,20.4,78.3,49.5,12.8,100.40,2021
Brooklyn Nets,82,44,38,3951,111.0,109.6,1.3,18.3,23.9,75.1,50.2,13.8,101.60,2021
Cleveland Cavaliers,82,44,38,3946,109.4,107.0,2.4,18.7,24.0,76.5,50.8,14.6,98.40,2021
Charlotte Hornets,82,43,39,3976,111.7,111.0,0.7,19.6,23.3,74.8,48.7,12.8,102.30,2021
Atlanta Hawks,82,43,39,3941,114.0,112.1,1.9,18.1,23.0,76.9,50.1,11.9,100.00,2021
LA Clippers,82,42,40,3956,107.7,107.5,0.2,17.7,20.6,74.4,48.3,13.6,100.20,2021
New York Knicks,82,37,45,3956,108.0,107.6,0.4,16.4,25.1,78.8,51.4,13.4,98.40,2021
New Orleans Pelicans,82,36,46,3951,109.0,110.5,-1.5,18.1,26.9,78.2,52.0,14.0,99.70,2021
Washington Wizards,82,35,47,3966,108.9,111.7,-2.8,18.5,20.9,76.9,49.4,13.2,99.30,2021
San Antonio Spurs,82,34,48,3961,109.4,110.0,-0.6,19.5,23.7,75.1,49.2,12.3,102.40,2021
Los Angeles Lakers,82,33,49,3996,107.9,110.9,-3.0,17.3,21.1,75.8,48.6,14.0,102.30,2021
Sacramento Kings,82,30,52,3961,107.2,112.9,-5.7,17.3,21.3,76.0,48.4,13.7,102.10,2021
Portland Trail Blazers,82,27,55,3946,105.5,114.0,-8.5,17.0,22.9,76.9,48.9,14.4,100.60,2021
Indiana Pacers,82,25,57,3976,109.2,113.9,-4.6,18.1,25.5,76.2,50.4,14.1,100.50,2021
Oklahoma City Thunder,82,24,58,3961,102.2,110.2,-8.0,16.4,21.8,76.1,48.5,13.8,100.80,2021
Detroit Pistons,82,23,59,3956,103.3,111.1,-7.9,17.1,23.4,75.6,48.2,14.0,100.90,2021
Orlando Magic,82,22,60,3956,101.8,110.3,-8.5,17.4,19.8,77.2,48.4,14.2,101.50,2021
Houston Rockets,82,20,62,3951,105.4,114.4,-9.0,17.1,21.7,74.4,47.9,15.8,103.30,2021
Utah Jazz,72,52,20,3471,115.1,105.7,9.4,17.3,24.5,79.3,53.1,14.0,100.80,2020
Phoenix Suns,72,51,21,3496,114.9,108.8,6.1,19.6,20.8,78.5,50.1,12.5,99.30,2020
Philadelphia 76ers,72,49,23,3486,110.8,105.1,5.7,17.2,23.2,78.2,51.2,14.1,101.80,2020
Brooklyn Nets,72,48,24,3481,116.3,110.6,5.7,19.3,21.4,77.3,50.8,13.3,101.80,2020
Denver Nuggets,72,47,25,3496,114.2,110.0,4.2,19.3,24.7,78.9,51.9,13.4,99.30,2020
LA Clippers,72,47,25,3456,115.2,108.7,6.6,18.1,22.7,79.1,51.7,13.3,99.10,2020
Milwaukee Bucks,72,46,26,3466,114.7,109.1,5.5,18.0,23.3,79.7,52.6,13.2,104.40,2020
Portland Trail Blazers,72,42,30,3461,114.9,113.4,1.5,15.9,23.0,77.5,49.5,11.0,100.80,2020
Los Angeles Lakers,72,42,30,3491,107.5,104.8,2.7,18.0,22.5,79.7,51.3,14.9,100.80,2020
Dallas Mavericks,72,42,30,3461,112.9,110.4,2.5,17.2,21.1,77.8,49.6,12.1,99.50,2020
Atlanta Hawks,72,41,31,3481,113.0,110.6,2.5,17.6,24.4,77.8,51.7,13.2,99.90,2020
New York Knicks,72,41,31,3486,108.2,105.7,2.5,16.3,21.9,78.6,50.6,13.1,98.20,2020
Miami Heat,72,40,32,3476,109.1,108.5,0.6,19.5,19.4,77.9,49.2,14.2,98.70,2020
Golden State Warriors,72,39,33,3461,108.8,107.7,1.1,19.6,17.9,76.6,47.6,14.4,104.40,2020
Memphis Grizzlies,72,38,34,3481,109.7,108.5,1.2,18.9,24.2,78.3,51.0,12.9,102.60,2020
Boston Celtics,72,36,36,3476,111.0,110.0,0.9,17.1,24.3,78.1,51.0,13.9,100.70,2020
Washington Wizards,72,34,38,3481,108.9,110.5,-1.7,17.8,21.3,77.6,49.5,13.4,106.40,2020
Indiana Pacers,72,34,38,3491,109.9,109.6,0.3,19.2,20.2,74.9,47.7,12.9,104.00,2020
San Antonio Spurs,72,33,39,3496,108.6,110.7,-2.1,17.9,20.0,77.3,48.1,11.1,101.00,2020
Charlotte Hornets,72,33,39,3471,108.1,110.6,-2.5,19.2,23.5,75.7,49.2,14.7,100.60,2020
New Orleans Pelicans,72,31,41,3486,110.8,111.6,-0.7,18.3,26.3,80.0,53.1,14.1,102.30,2020
Sacramento Kings,72,31,41,3461,111.1,114.6,-3.5,18.4,21.3,75.0,47.8,13.1,102.20,2020
Chicago Bulls,72,31,41,3476,108.7,109.9,-1.2,19.2,22.3,80.3,51.6,14.9,101.10,2020
Toronto Raptors,72,27,45,3461,109.3,109.8,-0.5,17.7,20.8,76.3,47.6,13.0,101.60,2020
Minnesota Timberwolves,72,23,49,3481,107.0,112.1,-5.2,18.0,22.7,76.8,48.7,13.6,104.10,2020
Oklahoma City Thunder,72,22,50,3471,101.3,111.9,-10.5,16.1,21.2,77.9,49.2,15.6,103.10,2020
Cleveland Cavaliers,72,22,50,3486,103.1,112.1,-8.9,17.5,23.6,76.6,49.4,15.4,99.60,2020
Orlando Magic,72,21,51,3466,102.9,112.1,-9.2,16.3,21.6,78.2,49.0,12.7,100.80,2020
Detroit Pistons,72,20,52,3486,105.4,110.3,-4.9,17.8,21.9,76.9,49.1,14.8,100.10,2020
Houston Rockets,72,17,55,3461,104.9,112.4,-7.5,17.2,19.8,77.1,47.2,14.2,103.60,2020
Milwaukee Bucks,73,56,17,3519,110.5,100.6,9.9,18.0,20.7,81.6,53.0,14.1,107.20,2019
Toronto Raptors,72,53,19,3476,109.0,102.0,7.0,18.1,21.3,76.7,49.6,14.3,103.30,2019
Los Angeles Lakers,71,52,19,3418,109.6,103.8,5.8,18.0,24.5,78.8,52.0,14.7,103.30,2019
LA Clippers,72,49,23,3476,111.1,105.3,5.7,16.9,23.5,77.6,51.3,13.9,103.90,2019
Boston Celtics,72,48,24,3486,110.4,104.5,6.0,16.7,23.9,77.4,51.0,13.4,101.90,2019
Denver Nuggets,73,46,27,3549,110.1,108.6,1.5,19.1,24.8,76.8,50.9,13.6,99.50,2019
Indiana Pacers,73,45,28,3524,107.9,105.1,2.9,18.9,20.0,76.7,48.6,13.1,101.30,2019
Houston Rockets,72,44,28,3476,110.3,107.4,2.9,15.5,21.0,75.6,48.0,13.7,106.30,2019
Oklahoma City Thunder,72,44,28,3486,108.4,106.3,2.1,16.3,19.3,76.8,48.9,13.4,101.10,2019
Utah Jazz,72,44,28,3471,110.0,107.4,2.6,16.8,21.6,78.9,51.3,14.9,100.80,2019
Miami Heat,73,44,29,3549,110.0,107.2,2.8,18.8,20.3,79.5,51.1,14.6,100.50,2019
Dallas Mavericks,75,43,32,3635,113.7,109.5,4.2,17.7,23.2,77.7,50.8,12.3,101.70,2019
Philadelphia 76ers,73,43,30,3519,109.1,106.3,2.8,18.5,23.9,80.3,52.1,14.0,101.30,2019
Brooklyn Nets,72,35,37,3496,106.0,107.1,-1.1,17.3,23.2,77.8,51.1,14.5,104.00,2019
Portland Trail Blazers,74,35,39,3567,111.1,111.8,-0.7,15.2,22.4,75.3,49.1,12.4,103.20,2019
Memphis Grizzlies,73,34,39,3514,106.9,107.5,-0.6,18.7,23.0,77.8,50.9,14.5,105.30,2019
Phoenix Suns,73,34,39,3519,109.7,108.4,1.4,19.2,22.2,78.8,50.1,14.2,103.70,2019
Orlando Magic,73,33,40,3514,106.1,107.1,-1.0,17.5,22.3,79.1,49.8,12.7,100.90,2019
San Antonio Spurs,71,32,39,3443,110.4,110.9,-0.5,17.9,20.1,79.2,49.6,12.2,102.60,2019
Sacramento Kings,72,31,41,3491,107.8,109.6,-1.8,17.4,21.9,78.4,49.5,14.2,101.20,2019
New Orleans Pelicans,72,30,42,3486,108.0,109.4,-1.4,18.4,24.2,77.8,50.9,15.3,106.30,2019
Washington Wizards,72,25,47,3471,108.2,112.7,-4.5,17.6,22.2,75.3,47.7,13.4,105.20,2019
Charlotte Hornets,65,23,42,3150,103.9,110.6,-6.8,17.7,23.9,74.4,48.2,14.7,98.10,2019
Chicago Bulls,65,22,43,3135,104.1,107.7,-3.6,16.9,22.8,75.6,47.9,15.1,101.90,2019
New York Knicks,66,21,45,3193,103.8,110.6,-6.8,16.0,25.8,78.3,51.3,14.1,100.90,2019
Atlanta Hawks,67,20,47,3256,104.3,112.3,-8.0,16.9,21.6,74.9,47.9,15.1,105.60,2019
Detroit Pistons,66,20,46,3193,106.1,110.4,-4.3,17.7,22.6,75.9,48.9,15.1,99.90,2019
Minnesota Timberwolves,64,19,45,3112,105.3,110.0,-4.7,16.7,22.1,77.2,48.6,14.2,105.90,2019
Cleveland Cavaliers,65,19,46,3145,104.4,113.6,-9.2,16.8,24.6,77.4,50.8,16.1,100.90,2019
Golden State Warriors,65,15,50,3145,102.9,110.9,-8.0,18.2,21.5,76.4,48.0,14.4,102.70,2019
Milwaukee Bucks,82,60,22,3956,111.5,103.0,8.5,18.3,20.8,80.3,52.3,13.1,105.40,2018
Toronto Raptors,82,58,24,3976,110.9,104.3,6.5,18.2,21.9,77.1,50.2,13.6,102.50,2018
Golden State Warriors,82,57,25,3961,113.9,106.5,7.5,20.4,22.5,77.1,51.0,13.8,103.20,2018
Denver Nuggets,82,54,28,3946,109.8,106.8,3.0,19.3,26.6,78.0,52.2,13.3,100.10,2018
Portland Trail Blazers,82,53,29,3971,111.4,108.1,3.3,16.6,26.6,77.9,52.8,13.5,101.60,2018
Houston Rockets,82,53,29,3966,112.5,107.9,4.6,15.9,22.8,74.4,48.1,13.2,100.40,2018
Philadelphia 76ers,82,51,31,3961,110.4,107.1,3.3,18.7,24.5,78.6,52.3,14.3,104.00,2018
Utah Jazz,82,50,32,3951,108.8,103.2,5.5,18.5,22.9,80.3,52.1,14.7,102.50,2018
Oklahoma City Thunder,82,49,33,3971,107.6,104.7,2.9,16.3,26.0,78.2,51.3,13.1,105.30,2018
Boston Celtics,82,49,33,3956,110.1,104.9,5.1,18.8,21.6,77.0,49.3,12.6,102.00,2018
LA Clippers,82,48,34,3966,109.7,109.0,0.7,17.1,22.0,76.0,49.9,13.9,104.10,2018
San Antonio Spurs,82,48,34,3961,111.1,108.3,2.8,18.1,21.0,79.4,50.5,12.0,100.40,2018
Indiana Pacers,82,48,34,3941,107.3,104.2,3.1,18.9,21.9,76.2,49.6,13.6,100.40,2018
Brooklyn Nets,82,42,40,3996,106.9,107.0,-0.1,16.9,23.8,76.4,50.2,14.4,103.40,2018
Orlando Magic,82,42,40,3956,106.5,105.8,0.8,18.6,22.0,79.7,50.4,13.1,100.30,2018
Detroit Pistons,82,41,41,3971,106.1,106.9,-0.7,16.5,24.8,78.7,50.7,13.7,99.70,2018
Sacramento Kings,82,39,43,3946,108.3,108.7,-0.4,17.7,23.1,75.5,48.6,12.7,105.50,2018
Charlotte Hornets,82,39,43,3966,108.3,110.2,-1.8,17.0,21.7,77.1,48.9,11.9,101.10,2018
Miami Heat,82,39,43,3946,104.6,105.1,-0.6,17.6,24.8,77.6,51.2,14.6,100.70,2018
Los Angeles Lakers,82,37,45,3956,105.2,107.3,-2.1,17.8,22.2,76.4,49.9,14.7,105.50,2018
Minnesota Timberwolves,82,36,46,3966,108.4,110.2,-1.9,17.4,24.6,74.9,49.5,12.6,102.80,2018
New Orleans Pelicans,82,33,49,3951,108.6,110.4,-1.8,18.6,24.1,76.8,50.8,13.9,105.60,2018
Dallas Mavericks,82,33,49,3956,106.6,108.3,-1.7,17.0,22.7,77.5,50.3,13.9,101.40,2018
Memphis Grizzlies,82,33,49,3976,103.8,106.2,-2.4,17.9,20.0,77.6,48.3,14.0,98.80,2018
Washington Wizards,82,32,50,3986,108.6,111.3,-2.7,18.4,21.3,74.1,47.3,13.4,103.70,2018
Atlanta Hawks,82,29,53,3971,105.5,111.2,-5.7,17.7,24.7,76.4,50.0,15.9,106.40,2018
Chicago Bulls,82,22,60,3981,102.5,110.9,-8.4,16.3,19.4,77.3,48.0,13.8,101.10,2018
Phoenix Suns,82,19,63,3976,103.6,112.2,-8.6,17.3,20.5,72.5,46.1,15.0,102.90,2018
Cleveland Cavaliers,82,19,63,3951,105.0,115.1,-10.1,15.6,23.7,77.0,49.2,13.6,98.90,2018
New York Knicks,82,17,65,3956,102.1,110.9,-8.8,14.9,22.1,76.1,48.5,13.7,102.00,2018
Houston Rockets,82,65,17,3951,112.2,103.8,8.5,16.4,21.3,79.9,50.8,13.8,99.70,2017
Toronto Raptors,82,59,23,3966,111.0,103.4,7.6,17.9,23.0,77.7,50.9,13.3,99.80,2017
Golden State Warriors,82,58,24,3946,112.3,104.2,8.1,20.9,21.1,76.3,50.6,15.3,101.80,2017
Boston Celtics,82,55,27,3961,105.3,101.5,3.7,17.0,21.5,78.4,50.3,14.2,98.20,2017
Philadelphia 76ers,82,52,30,3956,107.4,102.0,5.4,19.1,25.3,78.6,52.9,16.1,102.20,2017
Cleveland Cavaliers,82,50,32,3946,110.6,109.5,1.0,17.5,20.1,77.3,49.1,13.7,100.10,2017
Portland Trail Blazers,82,49,33,3951,106.1,104.2,1.9,15.0,23.3,79.1,51.4,13.6,98.80,2017
New Orleans Pelicans,82,48,34,3991,107.7,105.6,2.1,19.0,20.0,76.7,49.4,14.4,102.70,2017
Oklahoma City Thunder,82,48,34,3966,107.6,104.7,2.9,15.8,27.7,77.4,51.7,14.0,99.20,2017
Indiana Pacers,82,48,34,3951,107.2,105.6,1.6,16.8,22.7,76.2,49.6,13.5,98.20,2017
Utah Jazz,82,48,34,3951,106.2,101.6,4.6,17.1,21.5,79.8,51.0,15.0,97.80,2017
Minnesota Timberwolves,82,47,35,3961,110.8,108.4,2.4,17.0,24.4,76.4,50.1,12.6,98.30,2017
San Antonio Spurs,82,47,35,3946,105.5,102.4,3.1,17.3,23.7,78.6,51.0,13.5,97.20,2017
Denver Nuggets,82,46,36,3976,109.6,108.8,0.8,18.2,25.7,77.5,51.7,14.9,99.10,2017
Milwaukee Bucks,82,44,38,3966,107.8,107.1,0.7,17.7,20.4,75.9,48.3,14.0,98.50,2017
Miami Heat,82,44,38,3986,104.5,104.0,0.5,17.1,21.5,79.0,50.2,14.5,97.80,2017
Washington Wizards,82,43,39,3971,106.9,106.2,0.7,18.4,23.5,77.1,50.3,14.6,98.90,2017
LA Clippers,82,42,40,3941,107.7,107.7,0.0,16.5,23.5,76.1,50.1,14.5,101.10,2017
Detroit Pistons,82,39,43,3961,104.9,104.8,0.0,17.1,22.7,78.5,50.0,13.6,98.40,2017
Charlotte Hornets,82,36,46,3956,107.0,107.0,0.0,16.1,22.2,80.7,51.0,12.5,100.50,2017
Los Angeles Lakers,82,35,47,3981,104.2,105.6,-1.4,17.0,23.6,77.7,50.9,15.2,102.60,2017
New York Knicks,82,29,53,3966,104.1,108.4,-4.3,17.2,24.1,76.7,50.5,14.7,99.20,2017
Brooklyn Nets,82,28,54,3971,104.3,108.5,-4.2,17.3,21.0,77.0,48.7,14.9,101.10,2017
Chicago Bulls,82,27,55,3971,101.3,109.1,-7.8,17.3,20.6,80.6,49.4,13.8,100.30,2017
Sacramento Kings,82,27,55,3951,101.1,109.0,-7.9,16.6,21.4,77.6,48.3,14.0,97.10,2017
Orlando Magic,82,25,57,3946,102.8,107.7,-4.9,17.5,20.0,75.6,47.6,14.4,100.30,2017
Atlanta Hawks,82,24,58,3941,102.4,108.2,-5.8,17.6,21.1,76.2,48.7,15.4,100.60,2017
Dallas Mavericks,82,24,58,3961,104.1,107.4,-3.3,17.3,18.0,78.9,47.4,12.5,97.50,2017
Memphis Grizzlies,82,22,60,3941,101.8,108.4,-6.6,16.6,22.4,76.5,48.8,15.3,97.30,2017
Phoenix Suns,82,21,61,3941,100.8,110.6,-9.7,15.6,22.5,76.5,49.0,15.3,102.60,2017
Golden State Warriors,82,67,15,3956,113.2,101.1,12.1,21.2,22.8,74.9,50.5,14.4,102.20,2016
San Antonio Spurs,82,61,21,3961,108.8,100.9,7.9,18.1,24.0,77.6,51.4,13.9,96.40,2016
Houston Rockets,82,55,27,3956,111.8,106.4,5.4,18.1,24.6,75.8,50.2,14.7,102.50,2016
Boston Celtics,82,53,29,3951,108.6,105.5,3.1,18.8,21.2,75.3,48.5,13.3,99.30,2016
Cleveland Cavaliers,82,51,31,3976,110.9,108.0,2.9,17.1,21.9,75.8,49.7,13.7,98.40,2016
LA Clippers,82,51,31,3951,110.3,105.8,4.5,17.2,21.5,76.9,49.9,13.1,98.20,2016
Toronto Raptors,82,51,31,3956,109.8,104.9,4.9,14.5,25.0,76.3,50.7,13.0,97.10,2016
Utah Jazz,82,51,31,3951,107.4,102.7,4.7,16.2,23.2,78.9,51.8,14.5,93.60,2016
Washington Wizards,82,49,33,3971,108.5,106.9,1.6,17.6,24.1,75.5,49.9,14.1,99.70,2016
Oklahoma City Thunder,82,47,35,3961,105.0,105.1,-0.2,15.5,27.9,79.0,53.4,14.8,100.50,2016
Atlanta Hawks,82,43,39,3976,102.3,103.1,-0.8,17.4,23.6,76.1,50.3,15.7,99.80,2016
Memphis Grizzlies,82,43,39,3981,104.7,104.5,0.1,16.5,24.8,77.5,50.4,13.5,94.70,2016
Indiana Pacers,82,42,40,3971,106.2,106.3,-0.1,17.2,21.2,75.5,48.7,13.9,98.10,2016
Milwaukee Bucks,82,42,40,3956,106.9,106.4,0.5,18.5,21.5,75.4,48.8,14.4,96.70,2016
Portland Trail Blazers,82,41,41,3986,107.8,107.8,0.0,16.0,23.0,76.8,49.8,13.7,99.10,2016
Chicago Bulls,82,41,41,3956,104.6,104.5,0.1,16.8,27.0,76.8,51.7,13.8,97.70,2016
Miami Heat,82,41,41,3956,105.2,104.1,1.0,16.3,24.2,76.4,50.0,13.7,97.60,2016
Denver Nuggets,82,40,42,3951,110.0,110.5,-0.5,18.2,27.3,78.7,53.2,14.7,100.70,2016
Detroit Pistons,82,37,45,3961,103.3,105.3,-2.0,16.1,24.1,81.2,51.6,12.1,97.10,2016
Charlotte Hornets,82,36,46,3966,106.4,106.1,0.3,17.6,19.9,79.6,49.5,11.7,97.80,2016
New Orleans Pelicans,82,34,48,3981,103.3,104.9,-1.6,17.1,18.5,76.8,47.5,12.7,100.10,2016
Dallas Mavericks,82,33,49,3956,103.7,106.3,-2.6,16.8,18.1,77.6,46.4,12.6,94.20,2016
Sacramento Kings,82,32,50,3976,104.6,109.1,-4.5,17.3,21.0,76.3,48.9,14.9,97.10,2016
New York Knicks,82,31,51,3971,104.7,108.7,-4.1,16.3,26.6,74.1,50.3,13.9,98.60,2016
Minnesota Timberwolves,82,31,51,3961,108.1,109.1,-1.0,17.7,27.2,75.9,51.2,14.4,97.10,2016
Orlando Magic,82,29,53,3961,101.2,108.0,-6.8,16.8,21.6,77.4,48.7,13.3,99.10,2016
Philadelphia 76ers,82,28,54,3966,100.7,106.4,-5.7,17.4,22.4,75.3,48.8,16.4,101.00,2016
Los Angeles Lakers,82,26,56,3941,103.4,110.6,-7.2,15.6,25.0,75.8,49.5,15.0,100.80,2016
Phoenix Suns,82,24,58,3966,103.9,109.3,-5.4,14.4,26.0,76.4,50.5,14.9,102.90,2016
Brooklyn Nets,82,20,62,3951,101.9,108.0,-6.1,15.9,19.6,76.1,48.2,15.9,103.60,2016
Golden State Warriors,82,73,9,3976,112.5,100.9,11.6,20.4,23.5,76.0,51.3,14.9,101.60,2015
San Antonio Spurs,82,67,15,3941,108.4,96.6,11.8,18.8,23.0,79.1,52.0,13.7,95.70,2015
Cleveland Cavaliers,82,57,25,3971,108.1,102.3,5.8,17.4,25.1,78.5,52.0,14.1,95.50,2015
Toronto Raptors,82,56,26,3956,107.0,102.7,4.3,14.9,24.6,77.7,51.6,13.6,95.30,2015
Oklahoma City Thunder,82,55,27,3966,109.9,103.0,6.9,16.7,31.1,76.0,54.7,15.9,99.40,2015
LA Clippers,82,53,29,3966,106.5,100.9,5.5,17.4,20.1,73.8,47.4,13.2,98.00,2015
Boston Celtics,82,48,34,3956,103.9,100.9,3.0,17.4,25.1,74.6,49.4,13.5,101.10,2015
Atlanta Hawks,82,48,34,3966,103.0,98.8,4.1,19.0,19.1,74.6,47.5,15.0,99.40,2015
Charlotte Hornets,82,48,34,3971,105.1,101.8,3.3,16.7,20.0,79.8,49.6,12.7,97.80,2015
Miami Heat,82,48,34,3966,104.2,101.5,2.6,16.3,23.8,77.8,51.7,14.7,95.70,2015
Indiana Pacers,82,45,37,3976,102.4,100.2,2.2,16.1,23.4,76.0,49.8,14.9,99.00,2015
Portland Trail Blazers,82,44,38,3961,106.1,105.6,0.6,16.0,25.9,76.2,51.0,14.8,98.30,2015
Detroit Pistons,82,44,38,3976,103.3,103.4,-0.2,14.8,27.0,79.3,52.1,13.7,97.40,2015
Chicago Bulls,82,42,40,3981,102.1,103.9,-1.8,17.0,24.5,74.9,50.2,14.0,98.20,2015
Dallas Mavericks,82,42,40,4001,104.8,104.3,0.6,17.0,20.6,76.2,48.5,13.1,96.40,2015
Memphis Grizzlies,82,42,40,3966,102.6,105.4,-2.9,16.0,25.3,75.1,49.1,13.8,95.70,2015
Washington Wizards,82,41,41,3951,102.9,103.6,-0.7,18.1,20.6,77.7,48.6,14.3,100.60,2015
Houston Rockets,82,41,41,3966,105.5,105.6,-0.2,16.4,25.7,72.8,49.1,15.8,100.10,2015
Utah Jazz,82,40,42,3991,103.1,101.6,1.6,15.1,25.9,77.7,51.9,15.8,93.30,2015
Orlando Magic,82,35,47,3981,102.6,104.6,-2.0,17.6,23.1,76.5,49.4,14.2,98.20,2015
Sacramento Kings,82,33,49,3961,103.3,106.3,-3.0,17.6,23.9,74.9,49.6,15.7,102.20,2015
Denver Nuggets,82,33,49,3966,102.7,106.4,-3.7,16.9,25.8,77.3,51.1,14.8,98.20,2015
Milwaukee Bucks,82,33,49,3966,102.2,105.7,-3.5,17.6,24.9,73.1,49.2,15.7,96.60,2015
New York Knicks,82,32,50,3961,102.0,104.8,-2.8,16.0,23.7,75.8,50.1,13.9,95.80,2015
New Orleans Pelicans,82,30,52,3956,103.2,107.3,-4.1,16.8,21.2,78.8,49.0,13.5,98.90,2015
Minnesota Timberwolves,82,29,53,3976,104.3,107.1,-2.8,17.6,24.3,74.7,49.8,15.3,97.60,2015
Phoenix Suns,82,23,59,3941,99.4,107.0,-7.6,15.4,25.4,77.1,50.6,16.9,100.90,2015
Brooklyn Nets,82,21,61,3951,100.9,108.5,-7.6,17.0,24.1,75.7,49.4,15.1,97.40,2015
Los Angeles Lakers,82,17,65,3946,98.6,109.3,-10.7,14.1,23.1,74.7,48.0,13.9,98.00,2015
Philadelphia 76ers,82,10,72,3961,96.6,106.7,-10.0,16.3,20.6,74.0,46.4,16.2,100.20,2015
Golden State Warriors,82,67,15,3946,109.7,98.2,11.4,19.7,24.1,74.5,50.1,14.4,100.70,2014
Atlanta Hawks,82,60,22,3946,106.2,100.7,5.6,19.5,21.4,73.4,48.2,14.7,96.20,2014
Houston Rockets,82,56,26,3961,104.2,100.5,3.7,16.5,26.8,72.9,49.9,16.7,99.30,2014
Los Angeles Clippers,82,56,26,3946,109.8,103.0,6.9,18.7,22.8,75.7,49.8,12.7,97.00,2014
San Antonio Spurs,82,55,27,3991,106.2,99.6,6.6,18.4,23.4,77.3,50.9,14.4,95.90,2014
Memphis Grizzlies,82,55,27,3981,103.1,99.9,3.1,16.9,24.7,75.3,50.1,14.0,94.20,2014
Cleveland Cavaliers,82,53,29,3956,107.7,104.1,3.7,17.1,26.8,74.7,51.1,14.9,94.80,2014
Portland Trail Blazers,82,51,31,3971,105.5,101.4,4.2,16.8,24.2,76.2,50.7,14.0,96.50,2014
Dallas Mavericks,82,50,32,3976,107.2,103.7,3.5,17.0,23.6,72.2,47.8,13.2,97.40,2014
Chicago Bulls,82,50,32,3976,104.7,101.5,3.3,16.6,27.0,74.4,51.3,14.5,95.40,2014
Toronto Raptors,82,49,33,3971,108.1,104.8,3.2,16.1,25.6,73.3,49.5,13.4,95.40,2014
Washington Wizards,82,46,36,3991,101.8,100.0,1.9,18.1,24.9,77.3,51.7,15.5,96.00,2014
Oklahoma City Thunder,82,45,37,3966,104.5,103.1,1.3,15.3,28.9,75.6,52.6,14.8,98.30,2014
New Orleans Pelicans,82,45,37,3956,105.4,104.7,0.7,17.1,27.1,75.1,51.1,14.1,93.70,2014
Milwaukee Bucks,82,41,41,3986,100.5,99.3,1.2,17.8,25.4,73.3,49.5,17.2,96.50,2014
Boston Celtics,82,40,42,3976,101.7,102.1,-0.4,18.0,24.7,75.0,49.5,13.9,98.40,2014
Phoenix Suns,82,39,43,3976,102.9,103.4,-0.5,15.4,24.5,73.5,48.8,15.2,98.70,2014
Indiana Pacers,82,38,44,3971,100.8,100.9,-0.1,16.6,24.0,77.9,51.2,14.5,95.50,2014
Brooklyn Nets,82,38,44,3986,101.9,105.0,-3.1,16.3,23.9,73.7,48.9,14.4,95.00,2014
Utah Jazz,82,38,44,3941,102.5,102.1,0.5,15.8,29.1,76.3,52.8,16.5,92.80,2014
Miami Heat,82,37,45,3946,101.5,103.8,-2.4,16.1,23.2,73.4,48.8,15.9,93.30,2014
Charlotte Hornets,82,33,49,3981,97.6,101.0,-3.4,15.8,22.1,79.3,50.0,12.3,95.30,2014
Detroit Pistons,82,32,50,3966,102.3,104.2,-1.8,16.4,27.7,75.0,50.4,13.9,95.20,2014
Denver Nuggets,82,30,52,3976,101.6,105.5,-3.9,16.2,26.6,74.7,49.8,14.2,98.70,2014
Sacramento Kings,82,29,53,3971,102.5,106.5,-4.0,15.5,26.5,75.2,51.8,16.4,97.90,2014
Orlando Magic,82,25,57,3951,99.6,105.2,-5.6,16.2,23.1,76.0,49.0,15.5,95.90,2014
Los Angeles Lakers,82,21,61,3986,100.8,108.0,-7.2,15.9,25.4,76.3,49.8,13.6,96.30,2014
Philadelphia 76ers,82,18,64,3961,93.0,102.1,-9.1,15.5,25.5,73.0,48.1,17.9,98.30,2014
New York Knicks,82,17,65,3971,97.1,107.2,-10.1,16.7,24.5,73.1,48.1,15.5,93.70,2014
Minnesota Timberwolves,82,16,66,3961,99.8,109.6,-9.8,16.3,26.6,71.6,48.4,15.3,97.00,2014
San Antonio Spurs,82,62,20,3951,108.2,100.1,8.1,19.0,22.7,76.4,50.6,14.8,97.10,2013
Oklahoma City Thunder,82,59,23,3961,108.1,101.0,7.1,16.6,26.5,75.6,52.2,15.6,97.90,2013
Los Angeles Clippers,82,57,25,3951,109.4,102.1,7.3,18.3,25.0,72.5,49.6,14.0,98.40,2013
Indiana Pacers,82,56,26,3956,101.5,96.7,4.8,15.9,24.9,76.8,52.1,15.8,94.90,2013
Houston Rockets,82,54,28,3966,108.6,103.1,5.5,16.1,27.4,74.1,52.1,16.3,98.80,2013
Portland Trail Blazers,82,54,28,3971,108.3,104.7,3.5,17.2,28.0,74.7,51.6,13.9,97.50,2013
Miami Heat,82,54,28,3976,109.0,102.9,6.1,18.1,20.6,73.0,47.8,15.8,93.30,2013
Golden State Warriors,82,51,31,3966,105.3,99.9,5.4,17.4,25.1,76.3,51.1,15.4,98.50,2013
Memphis Grizzlies,82,50,32,3961,103.3,102.1,1.2,17.1,28.3,75.7,52.0,14.7,92.20,2013
Dallas Mavericks,82,49,33,3966,109.0,105.9,3.0,18.0,24.6,72.7,48.8,14.1,95.70,2013
Phoenix Suns,82,48,34,3951,107.1,103.8,3.3,14.7,26.4,73.7,50.1,15.6,98.20,2013
Toronto Raptors,82,48,34,3991,105.8,102.4,3.5,16.4,27.2,74.9,50.9,14.8,94.40,2013
Chicago Bulls,82,48,34,3986,99.7,97.8,1.9,17.6,27.2,75.4,51.7,15.9,92.70,2013
Washington Wizards,82,44,38,4011,103.3,102.4,0.9,17.6,25.2,75.7,50.0,15.1,95.50,2013
Brooklyn Nets,82,44,38,3976,104.4,104.9,-0.6,16.7,21.7,72.3,47.1,15.4,93.70,2013
Charlotte Bobcats,82,43,39,3981,101.2,101.2,0.1,16.9,21.9,77.6,49.6,12.9,94.70,2013
Minnesota Timberwolves,82,40,42,3971,105.6,104.1,1.4,17.3,27.4,74.4,50.3,13.8,99.80,2013
Atlanta Hawks,82,38,44,3966,103.4,104.1,-0.7,18.8,21.0,74.4,47.9,15.6,96.90,2013
New York Knicks,82,37,45,3971,105.4,106.5,-1.0,16.0,25.1,74.3,49.0,13.9,92.60,2013
Denver Nuggets,82,36,46,3951,103.3,105.4,-2.1,16.4,27.5,74.5,50.9,15.7,100.70,2013
New Orleans Pelicans,82,34,48,3971,104.7,107.3,-2.6,16.5,26.9,73.8,50.0,14.5,94.50,2013
Cleveland Cavaliers,82,33,49,3986,101.3,104.8,-3.5,16.2,27.2,75.8,50.9,14.6,95.70,2013
Detroit Pistons,82,29,53,3956,102.9,107.3,-4.4,15.6,31.4,73.4,51.4,14.8,97.40,2013
Sacramento Kings,82,28,54,3966,102.9,106.3,-3.4,14.6,27.8,76.6,51.9,15.6,96.70,2013
Los Angeles Lakers,82,27,55,3941,101.9,107.9,-6.0,18.1,20.2,71.0,45.6,15.0,101.00,2013
Boston Celtics,82,25,57,3946,99.7,105.2,-5.5,16.2,27.4,74.2,50.1,15.9,95.90,2013
Utah Jazz,82,25,57,3956,100.6,109.1,-8.4,16.1,25.5,74.5,49.2,15.5,93.60,2013
Orlando Magic,82,23,59,3991,99.3,104.8,-5.5,16.4,22.4,75.5,48.9,15.3,95.90,2013
Philadelphia 76ers,82,19,63,3971,96.8,107.5,-10.7,16.0,24.8,72.4,47.7,16.4,101.60,2013
Milwaukee Bucks,82,15,67,3976,100.2,108.9,-8.7,16.5,27.1,71.4,48.6,15.8,94.30,2013
Miami Heat,82,66,16,3976,110.3,100.5,9.9,18.4,22.2,73.0,49.0,15.0,93.00,2012
Oklahoma City Thunder,82,60,22,3966,110.2,99.2,11.0,16.6,26.7,73.4,51.7,15.9,95.90,2012
San Antonio Spurs,82,58,24,3976,105.9,99.2,6.8,19.1,20.5,74.9,49.3,15.1,96.40,2012
Denver Nuggets,82,57,25,3981,107.6,102.0,5.6,17.8,31.4,71.8,52.0,15.5,97.80,2012
Los Angeles Clippers,82,56,26,3946,107.7,101.0,6.7,18.4,28.8,73.5,51.6,15.6,93.60,2012
Memphis Grizzlies,82,56,26,3961,101.7,97.4,4.2,16.5,31.0,74.3,52.2,15.2,91.10,2012
New York Knicks,82,54,28,3946,108.6,103.5,5.1,15.6,25.6,74.7,49.3,13.1,92.00,2012
Indiana Pacers,81,49,32,3918,101.6,96.6,5.0,16.0,30.3,74.6,52.9,16.2,92.80,2012
Brooklyn Nets,82,49,33,3971,105.0,103.6,1.4,16.1,30.9,73.7,52.2,15.9,91.20,2012
Golden State Warriors,82,47,35,3961,104.2,102.6,1.7,17.1,25.4,75.5,51.3,15.5,96.80,2012
Houston Rockets,82,45,37,3956,106.7,103.5,3.3,17.3,26.4,75.2,51.0,16.6,98.60,2012
Los Angeles Lakers,82,45,37,3951,105.6,103.6,2.0,16.8,27.0,74.3,51.2,15.5,96.80,2012
Chicago Bulls,82,45,37,3966,100.4,100.3,0.1,17.8,29.4,73.6,51.2,15.4,92.00,2012
Atlanta Hawks,82,44,38,3971,102.7,101.8,0.9,18.8,22.2,73.6,48.3,15.6,94.70,2012
Utah Jazz,82,43,39,3976,103.6,104.3,-0.7,17.4,28.8,73.2,50.7,15.6,93.40,2012
Dallas Mavericks,82,41,41,3996,103.6,104.0,-0.4,17.7,21.8,73.1,47.9,14.3,96.20,2012
Boston Celtics,81,41,40,3968,101.1,100.4,0.7,17.9,20.1,73.3,47.5,15.3,94.00,2012
Milwaukee Bucks,82,38,44,3966,100.9,102.3,-1.4,17.0,27.9,71.3,48.8,14.4,97.30,2012
Philadelphia 76ers,82,34,48,3951,99.5,103.0,-3.4,17.7,24.9,73.4,48.4,13.9,93.30,2012
Toronto Raptors,82,34,48,3996,102.9,104.7,-1.7,16.9,25.5,73.4,49.1,14.5,92.90,2012
Portland Trail Blazers,82,33,49,3971,102.7,106.9,-4.2,17.0,25.3,73.3,49.0,15.5,93.70,2012
Minnesota Timberwolves,82,31,51,3946,100.1,102.9,-2.8,17.1,27.4,74.0,49.9,15.5,95.20,2012
Washington Wizards,82,29,53,3971,97.8,100.6,-2.7,16.9,24.6,74.6,49.4,15.8,94.40,2012
Detroit Pistons,82,29,53,3961,100.9,105.6,-4.8,16.6,28.3,73.0,50.2,16.1,93.20,2012
Sacramento Kings,82,28,54,3966,103.0,108.6,-5.6,16.0,26.6,71.0,48.2,15.0,96.30,2012
New Orleans Hornets,82,27,55,3956,102.7,107.6,-5.0,16.7,29.2,74.4,51.4,15.9,90.90,2012
Phoenix Suns,82,25,57,3961,98.2,105.7,-7.5,17.1,27.0,71.9,49.0,16.1,95.90,2012
Cleveland Cavaliers,82,24,58,3946,100.8,106.9,-6.1,15.9,28.1,72.6,49.3,14.6,94.90,2012
Charlotte Bobcats,82,21,61,3961,98.3,108.9,-10.6,15.3,25.7,71.1,47.8,14.8,94.00,2012
Orlando Magic,82,20,62,3956,98.9,106.7,-7.8,17.6,25.4,74.6,50.0,15.3,94.50,2012
San Antonio Spurs,66,50,16,3188,108.5,100.6,7.9,17.8,25.1,76.0,51.1,14.2,95.10,2011
Chicago Bulls,66,50,16,3188,104.5,95.3,9.3,17.7,32.6,74.3,53.9,15.2,91.80,2011
Oklahoma City Thunder,66,47,19,3198,107.1,100.0,7.2,14.6,27.8,72.1,51.4,17.0,95.70,2011
Miami Heat,66,46,20,3208,104.3,97.1,7.2,15.9,26.6,73.9,51.1,16.1,93.70,2011
Indiana Pacers,66,42,24,3198,103.5,100.4,3.1,14.7,29.2,72.3,50.9,14.8,93.40,2011
Memphis Grizzlies,66,41,25,3188,101.0,98.9,2.1,15.4,29.8,72.7,50.8,15.4,93.40,2011
Los Angeles Lakers,66,41,25,3213,103.3,101.7,1.7,17.3,29.1,74.8,53.0,16.0,92.90,2011
Atlanta Hawks,66,40,26,3233,102.4,98.6,3.8,17.6,23.9,74.4,49.3,14.8,92.50,2011
Los Angeles Clippers,66,40,26,3193,105.2,102.9,2.2,16.6,29.5,73.2,51.1,14.4,91.80,2011
Boston Celtics,66,39,27,3188,98.9,95.5,3.4,18.8,19.7,72.4,47.3,16.0,92.60,2011
Denver Nuggets,66,38,28,3208,106.5,103.4,3.1,17.9,27.7,74.3,51.7,15.7,96.70,2011
Orlando Magic,66,37,29,3193,102.4,101.7,0.7,16.1,26.5,75.5,50.7,16.2,91.20,2011
New York Knicks,66,36,30,3188,101.4,98.4,3.0,15.6,26.6,73.7,49.9,16.6,95.70,2011
Utah Jazz,66,36,30,3233,103.7,103.6,0.2,16.6,30.2,73.8,51.8,14.8,93.90,2011
Dallas Mavericks,66,36,30,3213,101.0,99.7,1.3,16.5,23.4,74.8,49.3,14.8,93.60,2011
Philadelphia 76ers,66,35,31,3183,101.7,96.6,5.1,17.5,24.4,75.2,49.7,12.1,91.90,2011
Houston Rockets,66,34,32,3213,102.7,102.1,0.6,16.4,27.5,73.4,50.2,15.2,94.30,2011
Phoenix Suns,66,33,33,3168,103.5,103.8,-0.2,17.4,25.8,71.7,49.0,14.8,95.00,2011
Milwaukee Bucks,66,31,35,3173,102.4,102.4,0.0,17.6,27.7,70.9,48.7,14.6,96.40,2011
Portland Trail Blazers,66,28,38,3193,102.8,103.7,-0.9,16.1,26.3,72.8,49.0,15.0,93.70,2011
Minnesota Timberwolves,66,26,40,3188,101.5,103.6,-2.2,15.1,27.5,73.0,50.2,15.7,96.00,2011
Detroit Pistons,66,25,41,3193,97.8,104.0,-6.2,15.1,28.1,72.8,49.7,16.8,91.70,2011
Golden State Warriors,66,23,43,3183,103.1,106.0,-3.0,17.4,22.9,69.1,46.1,14.6,94.70,2011
Toronto Raptors,66,23,43,3193,98.5,101.5,-3.0,16.8,25.9,75.4,50.9,16.5,91.60,2011
Sacramento Kings,66,22,44,3183,101.0,106.8,-5.8,14.7,29.1,70.5,48.8,14.7,97.30,2011
New Jersey Nets,66,22,44,3178,99.7,106.9,-7.2,15.8,27.8,70.7,48.6,16.1,92.70,2011
Cleveland Cavaliers,66,21,45,3193,98.1,106.0,-7.9,15.4,28.9,72.2,49.7,16.2,94.00,2011
New Orleans Hornets,66,21,45,3188,98.3,102.3,-4.0,16.8,27.5,73.1,50.7,17.0,90.70,2011
Washington Wizards,66,20,46,3173,97.8,103.8,-6.0,15.1,27.3,70.9,48.9,16.0,95.10,2011
Charlotte Bobcats,66,7,59,3178,92.3,107.8,-15.5,16.0,23.6,70.9,46.4,15.4,93.60,2011
Chicago Bulls,82,62,20,3966,105.5,97.4,8.1,17.3,29.4,76.2,53.5,15.1,92.90,2010
San Antonio Spurs,82,61,21,3956,109.4,102.8,6.6,17.5,24.9,74.6,50.4,14.2,94.60,2010
Miami Heat,82,58,24,3956,109.3,100.7,8.5,16.1,25.2,75.5,51.8,14.9,93.20,2010
Los Angeles Lakers,82,57,25,3966,107.9,101.3,6.6,17.0,29.2,72.3,51.5,13.9,93.40,2010
Dallas Mavericks,82,57,25,3941,107.6,102.3,5.3,18.7,24.1,74.8,50.4,15.0,93.40,2010
Boston Celtics,82,56,26,3956,104.0,97.8,6.2,18.8,21.1,74.7,49.5,15.7,92.50,2010
Oklahoma City Thunder,82,55,27,4001,108.6,104.0,4.5,15.8,27.4,73.6,51.3,14.6,95.30,2010
Orlando Magic,82,52,30,3966,105.7,99.1,6.6,15.9,26.1,76.9,52.1,15.9,93.50,2010
Denver Nuggets,82,50,32,3941,109.5,104.8,4.7,17.0,23.9,75.4,50.4,14.4,97.90,2010
Portland Trail Blazers,82,48,34,3961,105.6,104.2,1.4,16.9,29.5,72.0,49.8,14.3,90.50,2010
Memphis Grizzlies,82,46,36,3976,104.4,102.5,1.9,16.0,28.9,72.5,50.5,14.6,94.50,2010
New Orleans Hornets,82,46,36,3966,103.8,102.5,1.4,16.8,25.1,76.2,50.5,14.3,90.90,2010
Atlanta Hawks,82,44,38,3946,103.2,104.6,-1.4,17.7,23.4,74.6,49.2,14.8,91.60,2010
Houston Rockets,82,43,39,3976,108.0,106.2,1.8,17.8,27.4,72.7,50.0,13.8,96.90,2010
New York Knicks,82,42,40,3956,108.3,106.9,1.4,16.4,24.2,71.9,47.9,13.9,98.10,2010
Philadelphia 76ers,82,41,41,3986,104.0,102.5,1.5,17.6,24.6,74.5,49.6,13.6,93.90,2010
Phoenix Suns,82,40,42,4001,107.0,107.4,-0.4,17.9,23.7,71.6,47.6,14.5,96.80,2010
Utah Jazz,82,39,43,3976,104.9,107.3,-2.4,18.0,27.0,71.7,49.1,15.1,93.60,2010
Indiana Pacers,82,37,45,3956,101.9,103.4,-1.5,15.2,25.9,74.1,50.2,15.7,97.20,2010
Golden State Warriors,82,36,46,3966,105.5,107.6,-2.1,17.0,26.7,69.3,47.5,14.9,97.40,2010
Milwaukee Bucks,82,35,47,3966,99.0,99.9,-1.0,15.3,24.7,74.8,49.1,14.5,92.10,2010
Charlotte Bobcats,82,34,48,3961,100.8,104.8,-4.0,16.9,25.7,75.2,50.3,15.7,92.10,2010
Los Angeles Clippers,82,32,50,3971,101.8,106.3,-4.5,16.9,28.4,73.2,51.0,16.9,95.50,2010
Detroit Pistons,82,30,52,3976,104.6,109.0,-4.4,16.8,27.4,72.1,48.7,14.0,91.50,2010
Sacramento Kings,82,24,58,3971,100.6,106.3,-5.7,15.4,29.9,74.4,51.6,16.3,97.80,2010
New Jersey Nets,82,24,58,4001,100.2,107.0,-6.9,16.6,26.1,74.2,49.4,14.9,92.40,2010
Washington Wizards,82,23,59,3986,99.6,107.2,-7.6,14.9,28.0,70.5,48.5,15.7,96.50,2010
Toronto Raptors,82,22,60,3956,103.3,110.0,-6.7,16.8,28.2,72.0,49.5,15.3,95.40,2010
Cleveland Cavaliers,82,19,63,3951,99.5,109.1,-9.6,16.4,24.2,73.3,48.1,14.8,95.50,2010
Minnesota Timberwolves,82,17,65,3956,101.1,108.3,-7.2,15.0,29.6,73.7,51.1,17.1,99.20,2010
Cleveland Cavaliers,82,61,21,3956,108.8,101.5,7.3,17.7,25.1,77.2,52.4,14.8,93.50,2009
Orlando Magic,82,59,23,3946,109.5,100.2,9.3,15.8,24.6,77.4,51.9,15.0,94.20,2009
Los Angeles Lakers,82,57,25,3966,105.9,101.1,4.9,16.2,27.6,74.4,51.2,13.9,95.20,2009
Dallas Mavericks,82,55,27,3976,107.1,103.2,4.0,18.0,24.3,73.7,49.3,13.6,94.80,2009
Phoenix Suns,82,54,28,3946,112.7,106.9,5.8,17.5,27.6,70.8,50.4,15.1,97.90,2009
Denver Nuggets,82,53,29,3956,108.7,104.7,4.0,16.1,26.1,72.4,49.5,14.1,97.30,2009
Utah Jazz,82,53,29,3951,107.8,102.9,4.8,19.8,26.8,75.6,51.9,15.7,96.00,2009
Atlanta Hawks,82,53,29,3971,108.9,104.0,4.9,17.1,28.2,72.7,50.2,12.8,92.50,2009
Oklahoma City Thunder,82,50,32,3961,105.8,101.6,4.1,15.5,28.6,73.6,51.7,15.6,95.60,2009
San Antonio Spurs,82,50,32,3956,107.2,102.0,5.2,17.4,26.8,76.3,52.0,14.4,94.00,2009
Boston Celtics,82,50,32,3956,105.4,101.1,4.3,18.5,22.8,73.8,49.1,15.8,93.80,2009
Portland Trail Blazers,82,50,32,3971,108.0,104.0,4.1,16.6,28.2,74.8,51.3,13.6,90.20,2009
Miami Heat,82,47,35,3976,104.5,100.9,3.6,15.4,26.1,74.9,50.7,14.3,91.90,2009
Milwaukee Bucks,82,46,36,3996,102.0,100.9,1.0,16.4,26.2,76.4,50.1,13.8,94.00,2009
Charlotte Bobcats,82,44,38,3976,101.5,100.2,1.3,16.1,26.5,74.2,50.7,16.8,92.80,2009
Houston Rockets,82,42,40,3981,104.5,105.5,-1.0,16.5,26.9,73.8,49.5,14.8,96.50,2009
Chicago Bulls,82,41,41,3981,100.8,102.6,-1.8,16.0,26.6,74.8,51.0,14.8,95.50,2009
Memphis Grizzlies,82,40,42,3981,104.8,107.6,-2.9,14.4,31.3,73.3,52.3,15.6,96.10,2009
Toronto Raptors,82,40,42,3956,108.6,110.2,-1.6,17.1,24.7,72.9,49.5,14.0,95.40,2009
New Orleans Hornets,82,37,45,3966,105.1,107.3,-2.3,17.3,24.8,73.8,48.9,14.1,94.80,2009
Indiana Pacers,82,32,50,3941,101.3,104.2,-2.9,16.1,21.6,73.0,47.1,15.1,99.40,2009
New York Knicks,82,29,53,3976,105.2,109.1,-4.0,16.6,23.5,72.1,47.4,14.4,96.10,2009
Los Angeles Clippers,82,29,53,3941,100.9,107.1,-6.3,17.1,27.1,74.0,50.4,16.5,95.00,2009
Philadelphia 76ers,82,27,55,3961,103.4,107.6,-4.2,16.4,27.6,73.2,50.0,15.4,93.90,2009
Detroit Pistons,82,27,55,3956,102.4,108.9,-6.5,15.5,30.3,73.4,50.5,14.6,91.00,2009
Golden State Warriors,82,26,56,3946,105.4,109.4,-3.9,16.5,20.9,68.5,44.4,14.2,102.70,2009
Washington Wizards,82,26,56,3966,101.4,106.7,-5.4,15.0,27.6,72.4,49.7,15.7,94.10,2009
Sacramento Kings,82,25,57,3976,102.4,107.2,-4.8,15.7,27.8,73.5,50.3,15.3,96.50,2009
Minnesota Timberwolves,82,15,67,3956,98.9,109.3,-10.4,15.0,26.7,73.6,49.7,16.4,98.50,2009
New Jersey Nets,82,12,70,3956,98.1,108.0,-10.0,15.1,25.1,71.8,47.4,15.3,93.60,2009
Cleveland Cavaliers,82,66,16,3956,109.7,99.4,10.3,16.4,27.7,74.6,52.0,13.9,91.20,2008
Los Angeles Lakers,82,65,17,3956,109.8,101.9,7.9,17.3,29.4,73.0,51.4,13.8,96.90,2008
Boston Celtics,82,62,20,3976,108.1,99.4,8.7,17.8,27.9,75.6,52.8,16.7,92.70,2008
Orlando Magic,82,59,23,3946,107.2,98.9,8.3,15.6,24.0,75.9,50.7,14.8,94.60,2008
Denver Nuggets,82,54,28,3946,107.5,103.5,4.0,16.9,27.5,71.7,50.2,15.8,97.00,2008
San Antonio Spurs,82,54,28,3981,106.2,102.0,4.3,17.3,22.1,78.0,50.4,12.9,90.40,2008
Portland Trail Blazers,82,54,28,3966,110.7,104.5,6.2,16.4,32.6,75.0,53.5,14.3,89.20,2008
Houston Rockets,82,53,29,3961,105.4,101.4,4.0,16.2,26.4,75.3,51.9,15.1,92.70,2008
Dallas Mavericks,82,50,32,3961,108.1,105.3,2.8,17.0,26.6,74.6,50.8,13.5,93.90,2008
New Orleans Hornets,82,49,33,3951,106.2,104.1,2.0,16.3,24.6,74.9,49.8,13.9,90.00,2008
Utah Jazz,82,48,34,3976,107.1,104.7,2.5,18.4,28.2,72.7,50.5,15.3,95.60,2008
Atlanta Hawks,82,47,35,3941,106.6,104.6,2.0,16.4,26.0,71.6,48.9,13.9,92.00,2008
Phoenix Suns,82,46,36,3951,111.2,108.5,2.6,17.4,27.7,71.7,50.6,16.0,98.40,2008
Miami Heat,82,43,39,3991,105.1,104.7,0.4,16.3,24.6,72.9,48.6,13.4,92.30,2008
Chicago Bulls,82,41,41,3986,105.1,105.8,-0.7,16.1,28.0,70.9,49.6,15.0,95.80,2008
Philadelphia 76ers,82,41,41,3951,104.7,104.7,0.0,15.8,31.3,71.4,51.2,15.2,92.60,2008
Detroit Pistons,82,39,43,3981,104.5,105.2,-0.8,16.7,27.9,74.0,50.6,13.2,89.10,2008
Indiana Pacers,82,36,46,3966,105.4,106.5,-1.2,16.3,25.4,74.5,49.8,14.5,98.90,2008
Charlotte Bobcats,82,35,47,3986,101.6,103.4,-1.8,17.0,27.7,73.0,50.5,16.9,90.80,2008
Milwaukee Bucks,82,34,48,3956,103.8,104.9,-1.2,16.8,27.8,74.0,49.9,14.7,95.20,2008
New Jersey Nets,82,34,48,3966,105.4,108.2,-2.8,16.0,25.2,73.5,49.0,14.1,92.30,2008
Toronto Raptors,82,33,49,3961,104.3,107.1,-2.8,17.5,24.0,73.7,49.1,14.1,94.40,2008
New York Knicks,82,32,50,3961,105.3,108.4,-3.1,16.0,24.4,72.7,47.8,14.3,99.00,2008
Golden State Warriors,82,29,53,3976,106.6,110.1,-3.5,15.4,26.1,68.1,47.2,14.4,101.00,2008
Minnesota Timberwolves,82,24,58,3961,102.6,109.1,-6.5,15.9,27.7,75.0,50.5,14.9,94.10,2008
Memphis Grizzlies,82,24,58,3961,100.9,106.8,-5.9,14.2,25.8,73.5,49.3,16.4,92.50,2008
Oklahoma City Thunder,82,23,59,3961,99.9,106.9,-7.0,15.6,28.6,73.9,50.8,16.7,96.10,2008
Los Angeles Clippers,82,19,63,3976,99.5,108.8,-9.2,16.4,25.1,71.2,47.5,15.6,94.60,2008
Washington Wizards,82,19,63,3941,102.3,111.2,-8.9,15.8,27.7,71.4,49.0,14.9,93.40,2008
Sacramento Kings,82,17,65,3981,102.6,111.9,-9.3,15.3,24.5,69.9,47.0,15.8,96.80,2008
Boston Celtics,82,66,16,3951,107.6,96.2,11.5,17.6,26.6,74.4,51.9,16.3,93.30,2007
Detroit Pistons,82,59,23,3946,108.0,100.0,8.0,17.8,29.4,73.7,51.4,12.9,89.90,2007
Los Angeles Lakers,82,57,25,3956,110.3,102.8,7.4,18.1,26.3,73.4,50.8,14.3,98.00,2007
New Orleans Hornets,82,56,26,3961,109.0,102.9,6.2,17.2,27.0,75.4,50.6,12.8,92.10,2007
San Antonio Spurs,82,56,26,3946,104.7,99.5,5.2,17.1,23.4,77.1,50.6,13.9,90.80,2007
Phoenix Suns,82,55,27,3956,111.2,104.9,6.3,19.7,22.4,70.9,48.6,14.6,99.00,2007
Houston Rockets,82,55,27,3946,103.9,98.8,5.0,16.8,29.1,74.8,52.3,14.7,92.90,2007
Utah Jazz,82,54,28,3941,110.8,104.0,6.8,19.6,29.5,74.1,52.0,15.3,95.60,2007
Orlando Magic,82,52,30,3956,109.0,102.7,6.3,16.4,23.4,74.8,50.2,14.9,95.60,2007
Dallas Mavericks,82,51,31,3946,108.6,103.1,5.4,16.7,26.7,75.0,51.6,13.7,92.50,2007
Denver Nuggets,82,50,32,3971,107.6,103.2,4.4,17.7,25.5,72.1,49.3,14.3,102.30,2007
Golden State Warriors,82,48,34,3956,109.1,106.6,2.6,16.3,27.2,70.3,47.9,13.0,101.40,2007
Cleveland Cavaliers,82,45,37,3971,103.2,103.7,-0.5,15.7,30.4,75.9,52.4,15.0,92.50,2007
Washington Wizards,82,43,39,3981,106.0,106.8,-0.8,15.6,28.9,72.8,50.2,14.2,92.00,2007
Toronto Raptors,82,41,41,3966,107.7,104.3,3.5,18.7,23.4,75.0,49.1,12.6,92.40,2007
Portland Trail Blazers,82,41,41,3981,104.1,105.5,-1.4,17.0,26.8,71.8,49.4,14.1,90.40,2007
Philadelphia 76ers,82,40,42,3951,103.0,103.4,-0.4,15.9,31.8,72.0,51.7,15.2,93.10,2007
Sacramento Kings,82,38,44,3966,104.5,107.2,-2.7,14.9,25.2,71.7,48.9,16.4,97.20,2007
Atlanta Hawks,82,37,45,3971,104.0,105.9,-2.0,17.0,29.7,71.7,50.8,15.8,93.60,2007
Indiana Pacers,82,36,46,3951,103.7,104.6,-0.9,16.9,24.4,73.9,48.7,15.0,100.10,2007
New Jersey Nets,82,34,48,3966,101.4,106.6,-5.2,18.0,26.6,73.8,50.1,15.9,93.90,2007
Chicago Bulls,82,33,49,3961,101.0,104.2,-3.2,16.7,28.9,73.1,50.2,15.2,95.70,2007
Charlotte Bobcats,82,32,50,3976,102.1,106.8,-4.7,16.6,25.6,71.0,48.2,15.4,94.10,2007
Milwaukee Bucks,82,26,56,3971,102.4,109.8,-7.5,16.5,30.0,73.0,50.6,15.6,93.80,2007
Los Angeles Clippers,82,23,59,3961,98.8,106.4,-7.6,16.7,23.1,73.1,47.9,15.2,94.30,2007
New York Knicks,82,23,59,3976,101.4,109.6,-8.2,14.7,28.6,72.7,49.9,15.1,94.10,2007
Memphis Grizzlies,82,22,60,3961,102.4,109.2,-6.8,14.9,23.8,73.4,48.3,15.5,97.50,2007
Minnesota Timberwolves,82,22,60,3946,100.7,108.9,-8.2,15.6,27.5,73.6,49.8,15.3,94.20,2007
Seattle SuperSonics,82,20,62,3966,97.6,106.9,-9.2,15.9,26.8,73.7,50.3,16.0,98.90,2007
Miami Heat,82,15,67,3966,98.1,107.1,-9.0,16.3,22.1,71.9,46.6,15.7,92.50,2007
Dallas Mavericks,82,67,15,3951,108.5,100.6,7.9,16.0,28.7,75.0,52.4,15.1,91.90,2006
Phoenix Suns,82,61,21,3981,111.4,103.4,8.0,19.3,22.7,71.9,48.6,14.7,98.10,2006
San Antonio Spurs,82,58,24,3956,106.7,97.4,9.2,17.8,24.2,75.7,51.0,15.0,92.00,2006
Detroit Pistons,82,53,29,3976,106.2,101.1,5.1,17.3,28.3,70.9,49.6,13.5,89.70,2006
Houston Rockets,82,52,30,3971,104.0,97.5,6.4,16.5,25.7,77.0,51.5,15.2,93.00,2006
Utah Jazz,82,51,31,3961,106.7,104.7,2.0,18.5,31.7,75.1,53.4,16.4,94.10,2006
Cleveland Cavaliers,82,50,32,3976,102.6,98.9,3.7,16.2,29.7,75.8,52.2,15.2,93.20,2006
Chicago Bulls,82,49,33,3956,102.5,97.0,5.4,17.0,28.6,74.3,51.6,16.6,96.00,2006
Toronto Raptors,82,47,35,3951,105.0,103.2,1.8,17.5,22.2,74.5,48.1,14.2,94.70,2006
Denver Nuggets,82,45,37,3956,104.9,102.7,2.2,17.1,28.9,71.8,50.7,16.4,100.20,2006
Miami Heat,82,44,38,3971,102.6,102.0,0.6,16.6,24.9,73.3,49.7,15.9,92.10,2006
Golden State Warriors,82,42,40,3951,104.7,104.5,0.2,17.3,25.6,69.6,47.2,15.7,101.60,2006
Los Angeles Lakers,82,42,40,4006,105.6,106.1,-0.5,17.1,26.1,72.3,49.4,15.9,96.00,2006
Washington Wizards,82,41,41,3966,106.7,108.0,-1.3,15.5,28.1,71.0,48.9,14.1,96.70,2006
New Jersey Nets,82,41,41,3976,103.7,103.5,0.2,18.5,24.6,74.4,49.7,15.7,93.60,2006
Los Angeles Clippers,82,40,42,3946,102.4,102.8,-0.4,17.0,27.2,74.7,51.2,16.2,93.20,2006
Orlando Magic,82,40,42,3956,102.0,101.7,0.4,15.1,29.3,73.7,52.0,18.3,92.20,2006
New Orleans/Oklahoma City Hornets,82,39,43,3976,101.9,104.0,-2.2,14.9,29.1,74.7,51.4,15.4,92.60,2006
Indiana Pacers,82,35,47,3956,100.0,103.0,-3.0,15.9,28.4,72.7,50.1,17.0,94.90,2006
Philadelphia 76ers,82,35,47,3976,101.0,103.9,-2.9,16.1,27.2,70.8,49.1,16.3,93.20,2006
Sacramento Kings,82,33,49,3961,103.6,105.2,-1.7,15.8,23.1,72.5,47.3,14.9,97.20,2006
Charlotte Bobcats,82,33,49,4001,100.7,104.8,-4.1,17.1,26.4,71.6,48.3,15.5,94.50,2006
New York Knicks,82,33,49,4001,102.7,106.3,-3.6,14.7,31.0,74.0,52.7,18.1,93.10,2006
Minnesota Timberwolves,82,32,50,4001,101.1,105.3,-4.2,17.5,25.2,72.1,49.2,16.4,93.30,2006
Portland Trail Blazers,82,32,50,3991,101.7,107.3,-5.6,15.0,28.2,73.0,50.2,16.3,90.80,2006
Seattle SuperSonics,82,31,51,3966,104.1,107.5,-3.4,16.2,27.8,70.9,49.2,16.2,94.30,2006
Atlanta Hawks,82,30,52,3976,100.1,105.5,-5.3,15.3,29.2,70.9,49.8,17.0,92.50,2006
Milwaukee Bucks,82,28,54,3971,104.0,109.1,-5.0,16.7,27.6,68.1,47.6,15.8,94.80,2006
Boston Celtics,82,24,58,3971,100.2,104.5,-4.4,15.6,27.0,73.8,49.9,17.2,94.50,2006
Memphis Grizzlies,82,22,60,3996,104.3,109.7,-5.4,15.9,25.9,71.1,48.5,16.8,95.90,2006
Detroit Pistons,82,64,18,3966,107.7,100.2,7.6,18.9,28.9,71.2,49.8,12.6,89.30,2005
San Antonio Spurs,82,63,19,3961,105.2,96.9,8.3,17.0,26.0,74.2,50.7,15.1,90.60,2005
Dallas Mavericks,82,60,22,3976,108.7,101.9,6.8,14.6,31.8,72.2,52.4,14.9,90.30,2005
Phoenix Suns,82,54,28,3991,109.4,102.9,6.4,19.5,22.1,72.1,47.7,13.4,98.10,2005
Miami Heat,82,52,30,3951,106.4,101.7,4.7,16.4,26.7,76.4,52.6,15.4,93.80,2005
Cleveland Cavaliers,82,50,32,3966,105.2,102.6,2.5,15.3,28.4,75.7,51.8,14.9,92.20,2005
New Jersey Nets,82,49,33,3956,101.5,99.8,1.7,18.2,24.0,76.3,49.8,14.8,92.00,2005
Memphis Grizzlies,82,49,33,3971,103.0,99.2,3.8,16.1,25.8,72.0,49.1,15.5,88.60,2005
Los Angeles Clippers,82,47,35,3961,102.9,100.7,2.3,16.5,25.4,75.9,51.8,15.3,94.10,2005
Los Angeles Lakers,82,45,37,3971,105.4,102.6,2.8,16.5,28.8,73.6,51.2,14.8,93.60,2005
Denver Nuggets,82,44,38,3986,102.8,102.1,0.7,17.6,26.8,72.0,49.7,15.2,96.60,2005
Sacramento Kings,82,44,38,3966,103.9,102.3,1.6,17.3,25.4,72.2,49.0,15.4,94.40,2005
Washington Wizards,82,42,40,3966,106.0,104.7,1.3,14.5,29.5,70.9,49.5,14.5,94.90,2005
Chicago Bulls,82,41,41,3981,101.3,100.2,1.0,16.9,26.3,74.7,50.6,15.5,95.70,2005
Indiana Pacers,82,41,41,3946,101.6,99.9,1.7,16.0,27.1,72.6,50.5,16.5,92.00,2005
Utah Jazz,82,41,41,3976,100.8,104.5,-3.6,16.9,32.4,73.2,52.6,17.2,90.40,2005
Milwaukee Bucks,82,40,42,3971,103.3,105.0,-1.7,16.8,27.3,74.6,50.5,15.4,93.60,2005
Philadelphia 76ers,82,38,44,3981,103.7,104.8,-1.2,15.8,25.6,71.3,48.5,14.8,95.10,2005
New Orleans/Oklahoma City Hornets,82,38,44,3961,100.6,104.4,-3.8,15.1,26.9,73.4,49.5,14.5,91.30,2005
Orlando Magic,82,36,46,3981,103.6,104.7,-1.1,15.0,28.5,72.5,51.1,16.5,90.70,2005
Seattle SuperSonics,82,35,47,3966,107.4,111.3,-3.9,16.0,30.4,69.0,49.4,15.4,94.50,2005
Golden State Warriors,82,34,48,3966,101.9,103.5,-1.6,15.9,26.9,71.6,48.7,14.6,95.80,2005
Houston Rockets,82,34,48,3966,98.9,100.6,-1.7,15.8,25.5,74.6,50.5,16.0,90.40,2005
Boston Celtics,82,33,49,3976,102.5,104.0,-1.5,16.4,25.5,72.8,49.7,17.3,94.70,2005
Minnesota Timberwolves,82,33,49,3971,99.6,101.7,-2.1,16.9,25.2,71.3,48.9,15.7,91.30,2005
Toronto Raptors,82,27,55,3991,106.7,109.7,-3.0,15.5,25.4,73.3,48.3,13.8,93.50,2005
Charlotte Bobcats,82,26,56,3981,99.5,104.2,-4.7,15.9,27.1,70.7,47.5,14.6,96.00,2005
Atlanta Hawks,82,26,56,3976,103.8,108.3,-4.5,15.5,31.4,69.5,49.9,16.7,93.00,2005
New York Knicks,82,23,59,3986,101.1,108.4,-7.3,14.2,31.2,72.8,51.8,18.7,93.20,2005
Portland Trail Blazers,82,21,61,3946,97.9,109.4,-11.5,15.1,26.6,68.2,47.1,16.2,90.10,2005
Phoenix Suns,82,62,20,3956,111.9,103.7,8.2,17.4,27.5,68.3,48.9,13.9,98.60,2004
Miami Heat,82,59,23,3996,108.2,99.8,8.4,17.1,27.0,74.1,51.5,14.6,93.10,2004
San Antonio Spurs,82,59,23,3961,104.9,95.8,9.1,17.1,29.1,73.6,51.3,15.0,91.40,2004
Dallas Mavericks,82,58,24,3946,107.5,101.0,6.4,15.3,28.6,70.2,49.9,14.1,95.30,2004
Detroit Pistons,82,54,28,3991,102.8,97.9,4.8,17.2,31.2,73.0,52.3,15.2,89.80,2004
Seattle SuperSonics,82,52,30,3951,108.1,106.1,2.0,14.7,32.4,71.3,51.9,14.8,91.00,2004
Houston Rockets,82,51,31,3971,103.2,98.9,4.3,16.9,26.3,74.5,51.0,15.0,91.30,2004
Sacramento Kings,82,50,32,3971,107.5,105.0,2.5,18.2,28.8,69.0,48.9,13.6,95.70,2004
Denver Nuggets,82,49,33,3951,103.4,100.7,2.7,18.0,28.4,71.7,50.2,15.5,96.10,2004
Chicago Bulls,82,47,35,3966,98.5,97.5,1.0,16.4,28.4,72.6,50.6,17.4,95.10,2004
Washington Wizards,82,45,37,3956,104.0,104.2,-0.2,14.6,31.1,70.0,49.9,14.8,96.20,2004
Boston Celtics,82,45,37,3976,104.8,103.3,1.5,16.9,27.2,70.1,49.1,16.4,95.90,2004
Memphis Grizzlies,82,45,37,3941,102.5,99.9,2.7,16.9,27.1,69.9,48.6,16.0,91.10,2004
Minnesota Timberwolves,82,44,38,3951,104.9,103.7,1.2,18.3,28.6,71.4,51.0,14.3,91.70,2004
Indiana Pacers,82,44,38,3981,102.4,101.9,0.5,15.1,26.4,71.3,49.2,15.8,89.60,2004
Philadelphia 76ers,82,43,39,3971,100.8,101.5,-0.7,15.9,25.4,72.7,48.8,15.8,97.50,2004
Cleveland Cavaliers,82,42,40,3971,103.2,102.5,0.7,17.3,32.5,71.5,51.5,14.9,92.60,2004
New Jersey Nets,82,42,40,3981,98.3,100.4,-2.1,17.1,25.5,73.2,49.0,15.3,91.70,2004
Los Angeles Clippers,82,37,45,4006,102.2,103.4,-1.2,17.9,30.3,71.3,51.5,16.8,91.80,2004
Orlando Magic,82,36,46,3941,102.1,104.2,-2.1,14.8,29.9,71.3,50.9,16.5,97.40,2004
Golden State Warriors,82,34,48,3981,101.9,104.0,-2.0,16.6,27.8,69.7,47.8,14.0,95.80,2004
Los Angeles Lakers,82,34,48,3956,104.9,108.0,-3.1,15.9,29.5,71.1,50.4,15.2,93.70,2004
Toronto Raptors,82,33,49,3961,104.5,105.9,-1.3,16.0,23.7,71.1,47.0,13.9,95.00,2004
New York Knicks,82,33,49,3976,103.0,106.5,-3.5,15.9,28.3,71.2,49.6,15.5,93.10,2004
Milwaukee Bucks,82,30,52,3956,103.4,106.7,-3.3,16.4,29.0,72.0,50.3,14.7,93.50,2004
Portland Trail Blazers,82,27,55,3946,100.1,104.5,-4.4,16.6,29.6,67.7,49.4,17.2,92.60,2004
Utah Jazz,82,26,56,3956,101.1,107.0,-5.9,17.4,31.9,72.3,51.6,17.1,91.00,2004
Charlotte Bobcats,82,18,64,3976,98.0,104.7,-6.8,16.5,29.5,70.9,49.1,15.1,95.00,2004
New Orleans Hornets,82,18,64,3986,95.9,105.1,-9.1,16.6,29.1,70.7,49.0,16.1,90.40,2004
Atlanta Hawks,82,13,69,3971,97.9,108.4,-10.5,15.3,30.7,72.1,50.4,17.0,93.80,2004
Indiana Pacers,82,61,21,3961,100.9,94.8,6.1,17.3,28.5,73.9,50.9,15.9,89.90,2003
Minnesota Timberwolves,82,58,24,3951,103.3,96.6,6.7,18.2,26.7,72.5,50.9,13.9,91.50,2003
San Antonio Spurs,82,57,25,3951,99.8,91.6,8.2,16.3,29.5,74.6,52.3,16.0,91.50,2003
Los Angeles Lakers,82,56,26,3971,102.7,98.7,4.0,17.9,28.1,73.3,50.4,14.4,94.80,2003
Sacramento Kings,82,55,27,3956,107.3,102.2,5.1,19.6,26.0,69.8,48.4,14.5,95.30,2003
Detroit Pistons,82,54,28,3956,99.1,92.5,6.6,16.6,30.1,71.8,51.3,16.6,90.50,2003
Dallas Mavericks,82,52,30,3961,109.6,104.3,5.3,17.7,31.4,71.6,51.0,12.7,95.70,2003
Memphis Grizzlies,82,50,32,3976,101.9,99.2,2.7,17.7,29.5,68.4,48.7,15.8,94.00,2003
New Jersey Nets,82,47,35,3941,98.2,95.2,3.0,19.1,25.9,73.9,49.9,16.0,91.90,2003
Houston Rockets,82,45,37,3986,98.1,96.4,1.8,15.8,26.5,74.5,51.7,18.3,90.30,2003
Denver Nuggets,82,43,39,3946,100.8,99.9,0.9,16.5,30.5,69.3,49.6,16.2,96.10,2003
Miami Heat,82,42,40,3951,99.3,98.9,0.4,15.6,27.4,73.4,50.2,15.2,90.50,2003
Utah Jazz,82,42,40,3956,98.3,100.4,-2.1,16.3,34.1,72.4,52.9,18.4,89.40,2003
Milwaukee Bucks,82,41,41,3956,103.5,102.6,0.9,17.5,27.6,71.8,49.7,14.3,94.10,2003
New Orleans Hornets,82,41,41,3966,99.1,99.5,-0.3,16.4,30.6,71.3,50.4,16.2,91.80,2003
Portland Trail Blazers,82,41,41,3996,100.5,102.2,-1.6,17.2,31.2,70.0,50.8,16.4,88.80,2003
New York Knicks,82,39,43,3976,99.1,100.3,-1.2,16.4,28.0,72.8,50.7,16.9,92.10,2003
Seattle SuperSonics,82,37,45,3961,104.0,104.7,-0.6,17.1,27.2,68.5,48.0,15.5,92.80,2003
Golden State Warriors,82,37,45,3971,100.5,101.2,-0.7,16.2,28.4,72.1,50.2,15.9,92.10,2003
Boston Celtics,82,36,46,3941,99.9,100.2,-0.3,16.1,25.2,69.5,47.8,17.0,95.80,2003
Cleveland Cavaliers,82,35,47,3971,98.4,101.3,-2.9,16.9,31.1,73.0,52.0,15.7,93.60,2003
Philadelphia 76ers,82,33,49,3971,96.1,99.1,-3.0,16.1,28.2,70.7,49.7,17.4,90.70,2003
Toronto Raptors,82,33,49,3996,94.6,97.6,-3.0,15.9,23.8,70.1,46.8,15.7,89.10,2003
Phoenix Suns,82,29,53,3946,98.8,102.2,-3.4,15.3,26.6,69.9,48.1,16.0,95.30,2003
Los Angeles Clippers,82,28,54,3961,99.8,105.9,-6.1,15.5,32.8,70.0,51.3,17.3,93.80,2003
Atlanta Hawks,82,28,54,3981,98.2,103.1,-4.9,15.7,28.6,70.5,49.8,17.4,93.50,2003
Washington Wizards,82,25,57,3966,95.9,101.9,-6.1,14.5,30.7,69.5,49.6,18.3,95.00,2003
Chicago Bulls,82,23,59,3966,93.9,100.5,-6.6,16.7,28.1,71.4,49.1,16.9,94.80,2003
Orlando Magic,82,21,61,3966,99.3,107.5,-8.3,15.2,28.1,68.7,47.9,14.5,93.60,2003
Dallas Mavericks,82,60,22,3956,108.2,99.4,8.8,17.3,25.4,70.9,48.1,12.1,95.00,2002
San Antonio Spurs,82,60,22,3966,103.1,96.6,6.5,15.9,28.8,71.3,51.1,17.0,92.50,2002
Sacramento Kings,82,59,23,3966,103.1,96.3,6.8,18.3,25.6,70.6,49.3,14.7,98.00,2002
Minnesota Timberwolves,82,51,31,3961,103.5,100.6,2.9,19.0,28.2,72.9,51.1,14.5,94.60,2002
Los Angeles Lakers,82,50,32,3986,104.1,101.8,2.3,17.4,30.2,72.7,51.3,15.1,95.20,2002
Portland Trail Blazers,82,50,32,3970,102.6,99.5,3.1,17.7,30.2,72.3,51.3,16.4,92.10,2002
Detroit Pistons,82,50,32,3981,101.4,97.3,4.2,16.2,25.9,74.0,49.6,14.9,89.10,2002
New Jersey Nets,82,49,33,3951,100.6,95.5,5.1,17.6,28.7,73.1,50.9,15.6,94.20,2002
Indiana Pacers,82,48,34,3981,101.6,97.9,3.7,17.7,29.0,72.3,51.1,15.5,94.20,2002
Philadelphia 76ers,82,48,34,3971,101.8,100.0,1.8,16.5,30.3,72.7,51.1,15.5,94.00,2002
New Orleans Hornets,82,47,35,3981,100.6,98.4,2.3,17.0,31.7,73.1,52.2,15.8,92.30,2002
Utah Jazz,82,47,35,3956,102.4,99.8,2.7,19.5,32.5,70.2,52.1,18.1,92.00,2002
Phoenix Suns,82,44,38,3961,100.7,99.4,1.2,16.2,29.7,70.3,49.8,15.5,94.30,2002
Boston Celtics,82,44,38,3966,98.9,98.5,0.4,15.5,23.6,72.5,47.4,14.9,93.40,2002
Houston Rockets,82,43,39,3986,101.0,99.9,1.1,14.7,30.3,72.4,51.8,16.8,91.50,2002
Orlando Magic,82,42,40,3961,102.3,101.9,0.4,15.8,27.0,71.1,48.4,14.9,95.80,2002
Milwaukee Bucks,82,42,40,3981,106.2,105.3,1.0,17.4,25.6,69.9,47.7,13.6,92.90,2002
Seattle SuperSonics,82,40,42,3971,100.7,100.9,-0.2,17.2,28.1,71.8,49.6,14.5,90.70,2002
Golden State Warriors,82,38,44,3951,105.0,106.0,-1.0,15.4,35.0,67.9,51.6,16.2,97.20,2002
New York Knicks,82,37,45,3971,101.5,103.7,-2.2,17.2,24.4,71.8,47.6,14.8,93.30,2002
Washington Wizards,82,37,45,3966,100.2,100.9,-0.7,15.9,27.3,71.6,49.4,14.6,90.80,2002
Atlanta Hawks,82,35,47,3981,99.6,102.8,-3.2,16.0,27.9,70.4,50.0,17.6,93.70,2002
Chicago Bulls,82,30,52,3985,97.3,103.1,-5.8,16.5,27.7,69.5,48.9,17.3,96.10,2002
Memphis Grizzlies,82,28,54,3986,101.0,104.6,-3.6,17.5,27.0,68.7,48.1,15.9,95.20,2002
Los Angeles Clippers,82,27,55,3951,99.5,103.6,-4.1,15.4,29.1,70.2,49.7,16.7,94.00,2002
Miami Heat,82,25,57,3966,93.8,99.8,-6.0,15.0,26.8,73.9,49.7,15.6,90.30,2002
Toronto Raptors,82,24,58,3961,97.4,104.3,-6.9,15.3,28.2,70.7,48.6,15.4,92.40,2002
Cleveland Cavaliers,82,17,65,3966,93.5,103.6,-10.1,15.7,31.0,73.2,51.7,18.7,96.90,2002
Denver Nuggets,82,17,65,3946,88.9,99.0,-10.0,16.3,31.3,73.3,51.3,19.5,93.80,2002
Sacramento Kings,82,61,21,3951,106.4,98.6,7.7,17.7,27.9,71.7,50.2,14.0,98.00,2001
Los Angeles Lakers,82,58,24,3956,106.5,98.7,7.8,17.5,28.8,72.0,50.6,13.3,94.80,2001
San Antonio Spurs,82,58,24,3971,104.0,96.5,7.5,16.0,27.2,71.9,50.3,15.5,92.60,2001
Dallas Mavericks,82,57,25,3976,109.5,104.8,4.7,16.9,26.1,70.7,48.7,12.6,95.30,2001
New Jersey Nets,82,52,30,3966,101.1,96.6,4.5,18.2,29.2,71.6,50.3,15.2,94.50,2001
Minnesota Timberwolves,82,50,32,3961,105.8,102.2,3.6,18.4,31.3,73.7,52.8,14.3,93.30,2001
Detroit Pistons,82,50,32,3936,102.5,99.3,3.3,17.3,24.4,70.5,47.6,15.8,92.40,2001
Boston Celtics,82,49,33,3966,101.1,98.0,3.1,16.4,24.1,72.9,47.9,14.3,95.00,2001
Portland Trail Blazers,82,49,33,3966,104.4,101.0,3.4,18.0,31.8,73.3,52.3,15.4,92.00,2001
Seattle SuperSonics,82,45,37,3966,105.8,102.5,3.4,18.3,29.4,68.1,49.1,14.8,91.70,2001
Orlando Magic,82,44,38,3966,104.1,102.5,1.6,16.8,26.3,69.2,47.6,14.1,95.80,2001
Utah Jazz,82,44,38,3966,102.4,101.6,0.8,18.4,33.5,71.7,52.5,17.6,93.00,2001
Charlotte Hornets,82,44,38,3951,101.4,100.0,1.4,16.7,30.6,72.2,51.5,15.1,92.50,2001
Philadelphia 76ers,82,43,39,3946,99.1,97.5,1.6,15.8,31.7,72.1,52.1,16.7,91.50,2001
Indiana Pacers,82,42,40,3981,101.2,101.1,0.1,17.6,27.0,71.0,49.5,15.9,94.50,2001
Toronto Raptors,82,42,40,3951,99.4,100.0,-0.6,16.9,31.4,70.1,50.1,15.6,91.60,2001
Milwaukee Bucks,82,41,41,3981,104.2,103.9,0.4,17.7,25.6,70.9,49.3,15.1,92.80,2001
Los Angeles Clippers,82,39,43,3961,102.0,103.2,-1.2,16.3,31.3,69.9,50.8,15.8,92.90,2001
Washington Wizards,82,37,45,3946,101.5,103.2,-1.7,16.6,30.7,71.4,50.8,14.2,91.10,2001
Phoenix Suns,82,36,46,3966,100.2,101.0,-0.7,17.1,30.1,70.2,49.9,15.5,94.20,2001
Miami Heat,82,36,46,3986,96.0,97.6,-1.6,16.5,26.6,74.0,50.5,16.3,89.70,2001
Atlanta Hawks,82,33,49,3956,99.1,103.7,-4.6,15.8,27.5,70.9,49.1,16.4,94.40,2001
New York Knicks,82,30,52,3961,98.6,103.0,-4.4,16.7,25.6,71.9,48.8,15.6,92.30,2001
Cleveland Cavaliers,82,29,53,3971,101.7,105.0,-3.3,17.8,28.9,72.8,51.0,15.6,93.00,2001
Houston Rockets,82,28,54,3996,99.7,105.9,-6.1,14.6,29.0,69.8,49.2,15.2,90.80,2001
Denver Nuggets,82,27,55,3961,97.8,104.9,-7.1,17.0,30.6,69.9,49.3,15.6,93.30,2001
Memphis Grizzlies,82,23,59,3956,95.4,103.8,-8.4,16.9,27.8,68.0,47.9,17.4,93.50,2001
Golden State Warriors,82,21,61,3956,99.3,105.6,-6.3,15.3,35.3,69.4,51.9,17.1,97.50,2001
Chicago Bulls,82,21,61,3961,95.5,104.8,-9.3,17.3,26.6,71.4,48.4,16.3,93.00,2001
San Antonio Spurs,82,58,24,3966,104.7,94.9,9.8,17.2,27.1,73.7,51.5,15.2,91.80,2000
Los Angeles Lakers,82,56,26,3981,105.6,101.7,3.9,17.4,31.1,72.5,52.0,15.2,94.30,2000
Philadelphia 76ers,82,56,26,3971,100.7,96.2,4.5,16.0,31.2,72.5,52.3,16.8,93.20,2000
Sacramento Kings,82,55,27,4016,102.8,97.0,5.8,16.8,27.2,70.7,49.5,15.0,97.00,2000
Dallas Mavericks,82,53,29,3961,104.5,100.1,4.4,16.5,24.1,70.7,48.0,14.5,95.50,2000
Utah Jazz,82,53,29,3956,104.1,100.0,4.1,19.6,30.2,73.2,52.1,17.0,92.30,2000
Milwaukee Bucks,82,52,30,3956,106.3,101.2,5.1,17.2,28.1,71.1,49.8,14.5,94.70,2000
Phoenix Suns,82,51,31,3961,97.5,95.4,2.1,17.5,27.3,73.7,50.1,15.8,95.70,2000
Portland Trail Blazers,82,50,32,3956,103.6,99.0,4.6,18.6,30.0,72.4,51.9,16.6,91.70,2000
Miami Heat,82,50,32,3976,98.6,95.7,2.9,16.4,24.3,72.7,48.6,15.2,89.40,2000
New York Knicks,82,48,34,3981,98.7,95.5,3.1,15.6,24.2,74.3,50.1,16.1,89.00,2000
Minnesota Timberwolves,82,47,35,3966,102.7,100.7,2.1,19.0,28.6,71.9,50.0,14.6,94.30,2000
Toronto Raptors,82,47,35,3991,102.6,100.5,2.1,18.2,30.8,73.2,51.5,13.8,93.80,2000
Charlotte Hornets,82,46,36,3976,99.3,96.3,3.0,17.8,29.8,74.5,52.2,15.6,92.00,2000
Houston Rockets,82,45,37,3966,103.6,101.7,1.9,15.7,27.5,71.9,50.3,15.6,92.90,2000
Seattle SuperSonics,82,44,38,3961,102.6,102.7,-0.1,16.9,29.1,69.8,49.6,16.1,94.20,2000
Orlando Magic,82,43,39,3991,100.4,99.2,1.2,16.6,29.1,69.8,48.9,15.6,95.80,2000
Indiana Pacers,82,41,41,3996,99.4,99.2,0.2,16.9,27.0,71.4,49.9,16.3,91.90,2000
Denver Nuggets,82,40,42,3956,101.1,103.1,-2.0,18.0,28.3,71.8,49.8,14.5,95.30,2000
Boston Celtics,82,36,46,3966,99.0,100.9,-1.9,16.2,25.3,72.7,48.0,16.4,95.00,2000
Detroit Pistons,82,32,50,3971,97.3,98.9,-1.6,14.9,29.3,72.2,50.3,16.2,97.50,2000
Los Angeles Clippers,82,31,51,4006,98.4,101.8,-3.5,15.3,28.3,71.1,50.3,16.8,92.10,2000
Cleveland Cavaliers,82,30,52,3966,97.4,102.0,-4.6,16.2,29.7,71.1,50.5,17.4,93.90,2000
New Jersey Nets,82,26,56,3946,96.9,103.0,-6.1,15.4,25.7,70.0,47.3,15.5,94.50,2000
Atlanta Hawks,82,25,57,3946,95.6,101.9,-6.3,14.9,28.9,70.8,49.7,17.5,94.50,2000
Vancouver Grizzlies,82,23,59,3956,96.8,103.2,-6.3,17.9,26.1,69.8,48.1,16.6,94.10,2000
Washington Wizards,82,19,63,3936,97.8,104.8,-7.0,15.6,29.7,71.8,50.3,17.8,95.30,2000
Golden State Warriors,82,17,65,3956,94.5,104.9,-10.4,15.9,33.3,69.7,50.0,16.2,96.80,2000
Chicago Bulls,82,15,67,3971,94.3,104.9,-10.6,17.4,26.6,70.3,47.6,17.0,91.70,2000
Los Angeles Lakers,82,67,15,3961,104.6,95.6,9.0,17.4,30.6,73.1,52.1,14.5,95.80,1999
Portland Trail Blazers,82,59,23,3956,105.1,97.7,7.4,18.2,30.3,72.4,52.4,16.4,92.40,1999
Indiana Pacers,82,56,26,3946,105.9,100.8,5.2,17.5,24.9,71.5,49.1,14.8,95.60,1999
Utah Jazz,82,55,27,3951,104.0,99.8,4.2,19.1,29.5,73.2,51.8,16.0,92.20,1999
Phoenix Suns,82,53,29,3961,101.8,96.2,5.6,18.8,29.3,70.5,50.3,17.2,96.70,1999
San Antonio Spurs,82,53,29,3971,102.8,95.7,7.1,17.3,27.8,73.0,51.4,16.1,93.10,1999
Miami Heat,82,52,30,3966,102.2,97.7,4.5,18.3,28.2,72.9,51.6,16.2,92.20,1999
Minnesota Timberwolves,82,50,32,3981,103.4,100.2,3.2,19.8,29.4,73.0,51.0,14.6,94.40,1999
New York Knicks,82,50,32,3966,99.8,98.1,1.7,15.8,24.7,73.1,49.7,15.9,91.70,1999
Charlotte Hornets,82,49,33,3956,101.7,98.9,2.8,18.4,25.7,73.2,50.0,15.2,96.30,1999
Philadelphia 76ers,82,49,33,3966,98.5,97.5,0.9,16.6,31.4,69.9,50.3,16.3,95.30,1999
Seattle SuperSonics,82,45,37,3956,102.6,101.8,0.8,17.2,28.5,69.6,48.8,14.5,96.00,1999
Toronto Raptors,82,45,37,3951,101.8,101.7,0.0,17.7,30.1,71.8,50.2,14.5,95.20,1999
Sacramento Kings,82,44,38,3961,101.9,99.9,2.0,17.0,27.7,69.7,48.6,15.7,101.90,1999
Detroit Pistons,82,42,40,3966,104.6,103.1,1.6,15.7,26.8,71.6,49.3,15.9,98.20,1999
Milwaukee Bucks,82,42,40,3971,104.9,104.9,0.0,17.1,30.0,69.6,49.9,15.5,95.50,1999
Orlando Magic,82,41,41,3951,99.4,98.9,0.5,15.3,31.6,69.9,50.8,17.5,100.20,1999
Dallas Mavericks,82,40,42,3946,103.8,104.5,-0.7,16.7,25.5,66.1,45.9,14.0,97.40,1999
Denver Nuggets,82,35,47,3971,100.8,102.8,-2.0,17.2,29.2,71.6,50.2,15.9,97.40,1999
Boston Celtics,82,35,47,3946,102.0,103.0,-1.0,15.9,30.4,73.8,51.0,15.8,97.10,1999
Houston Rockets,82,34,48,3966,101.6,103.1,-1.5,16.3,29.1,71.6,50.8,17.8,96.80,1999
Cleveland Cavaliers,82,32,50,3971,97.9,100.9,-3.0,17.3,28.1,71.2,49.4,17.6,98.40,1999
New Jersey Nets,82,31,51,3966,102.3,103.3,-1.0,15.8,28.1,67.2,47.0,14.2,95.10,1999
Washington Wizards,82,29,53,3961,100.7,104.1,-3.4,16.4,30.6,71.7,50.9,16.8,95.30,1999
Atlanta Hawks,82,28,54,3966,99.2,104.8,-5.7,14.6,31.7,71.0,51.3,16.2,94.40,1999
Vancouver Grizzlies,82,22,60,3971,99.7,105.3,-5.6,16.2,30.1,70.6,50.2,17.9,93.50,1999
Golden State Warriors,82,19,63,3951,96.9,105.8,-8.9,16.3,32.6,69.1,49.7,16.1,98.00,1999
Chicago Bulls,82,17,65,3961,91.2,102.3,-11.1,15.8,29.9,69.9,49.5,20.4,92.00,1999
Los Angeles Clippers,82,15,67,3940,95.2,107.3,-12.2,14.2,26.1,69.6,47.1,16.7,96.50,1999
San Antonio Spurs,50,37,13,2415,101.3,92.1,9.2,17.4,30.4,69.5,51.1,16.6,91.20,1998
Utah Jazz,50,37,13,2435,102.7,95.5,7.2,19.0,30.0,70.4,51.7,17.9,89.60,1998
Portland Trail Blazers,50,35,15,2435,101.4,94.9,6.6,16.6,31.8,71.8,52.5,16.5,92.10,1998
Orlando Magic,50,33,17,2410,96.7,95.3,1.4,16.6,32.6,70.8,51.4,17.7,91.40,1998
Indiana Pacers,50,33,17,2420,105.6,101.0,4.6,16.4,28.7,69.9,49.7,14.5,89.10,1998
Miami Heat,50,33,17,2405,102.0,96.0,6.0,17.1,27.3,71.0,50.7,17.1,87.20,1998
Los Angeles Lakers,50,31,19,2410,104.6,101.2,3.3,16.9,30.5,70.2,50.8,15.9,94.30,1998
Houston Rockets,50,31,19,2415,102.5,100.1,2.4,16.9,27.8,69.9,50.3,17.7,91.30,1998
Atlanta Hawks,50,31,19,2415,96.9,93.9,3.0,13.0,33.0,72.1,52.7,16.7,88.40,1998
Detroit Pistons,50,29,21,2410,101.2,97.9,3.3,16.4,30.5,72.0,51.2,17.7,88.70,1998
Philadelphia 76ers,50,28,22,2430,96.8,94.6,2.2,14.7,34.2,69.8,51.6,17.8,91.40,1998
Milwaukee Bucks,50,28,22,2410,102.4,99.5,2.9,16.8,29.0,67.6,48.5,16.1,89.60,1998
Sacramento Kings,50,27,23,2440,99.9,100.0,-0.1,16.4,30.6,67.7,49.3,16.8,98.80,1998
Phoenix Suns,50,27,23,2410,103.4,99.9,3.5,19.1,28.4,69.8,48.7,14.7,92.60,1998
New York Knicks,50,27,23,2420,96.2,94.3,1.9,15.9,27.9,71.0,50.2,17.9,89.50,1998
Charlotte Hornets,50,26,24,2430,100.0,99.2,0.8,17.6,24.4,69.5,47.9,17.1,92.10,1998
Minnesota Timberwolves,50,25,25,2405,98.5,98.2,0.4,18.1,32.5,70.2,49.9,13.6,94.10,1998
Seattle SuperSonics,50,25,25,2420,101.8,103.3,-1.6,16.7,31.9,68.6,50.0,16.4,92.30,1998
Toronto Raptors,50,23,27,2415,98.8,100.5,-1.7,16.1,33.8,70.2,51.8,17.3,91.70,1998
Cleveland Cavaliers,50,22,28,2410,96.7,98.5,-1.9,17.9,25.1,69.0,47.3,17.6,89.10,1998
Golden State Warriors,50,21,29,2425,95.1,98.7,-3.6,15.8,35.2,70.4,52.4,16.5,91.50,1998
Boston Celtics,50,19,31,2430,97.6,99.7,-2.1,16.3,30.6,69.4,49.4,16.9,94.00,1998
Dallas Mavericks,50,19,31,2415,99.3,102.2,-2.9,14.7,29.8,69.1,49.3,15.0,91.60,1998
Washington Wizards,50,18,32,2410,98.3,101.0,-2.7,16.8,28.2,69.5,48.4,15.9,92.20,1998
New Jersey Nets,50,16,34,2410,96.3,100.6,-4.4,14.3,31.1,69.7,49.4,15.8,94.30,1998
Denver Nuggets,50,14,36,2405,100.2,106.8,-6.5,15.3,30.1,69.2,49.0,15.8,93.30,1998
Chicago Bulls,50,13,37,2414,89.8,100.1,-10.2,16.4,26.8,71.7,48.1,17.0,90.70,1998
Los Angeles Clippers,50,9,41,2425,96.6,107.0,-10.4,13.2,30.6,66.9,47.7,17.0,92.20,1998
Vancouver Grizzlies,50,8,42,2435,95.4,105.1,-9.6,15.3,30.9,66.9,48.6,18.2,91.60,1998
Chicago Bulls,82,62,20,3971,104.1,96.7,7.3,18.0,35.7,70.6,53.1,15.5,92.00,1997
Utah Jazz,82,62,20,3956,109.3,102.3,7.0,19.4,32.3,71.0,52.9,16.6,91.90,1997
Los Angeles Lakers,82,61,21,3966,109.2,100.7,8.5,18.1,31.6,68.8,50.6,15.9,96.10,1997
Seattle SuperSonics,82,61,21,3951,108.5,100.4,8.1,18.7,28.7,66.1,47.7,15.1,92.50,1997
Indiana Pacers,82,58,24,3966,105.6,98.4,7.2,18.3,27.9,67.8,48.9,15.7,90.50,1997
Phoenix Suns,82,56,26,3991,104.5,98.8,5.7,19.3,29.7,70.0,50.4,15.8,94.10,1997
San Antonio Spurs,82,56,26,3966,101.5,96.2,5.3,17.7,30.6,72.2,52.7,17.6,90.90,1997
Miami Heat,82,55,27,3951,104.6,98.7,5.9,17.0,31.5,69.6,51.2,16.5,90.60,1997
Charlotte Hornets,82,51,31,3956,104.7,102.7,2.0,18.3,30.4,70.8,50.8,16.5,91.80,1997
Atlanta Hawks,82,50,32,3976,105.1,100.8,4.3,15.3,33.9,69.1,52.1,16.2,90.50,1997
Cleveland Cavaliers,82,47,35,3966,99.3,96.0,3.3,17.8,30.0,71.1,50.8,18.6,92.60,1997
Portland Trail Blazers,82,46,36,3966,100.8,99.5,1.3,16.6,33.0,71.4,52.9,18.0,92.80,1997
Minnesota Timberwolves,82,45,37,3986,104.8,103.6,1.2,18.6,30.6,68.5,49.8,14.4,95.50,1997
New Jersey Nets,82,43,39,3976,104.8,103.3,1.4,15.3,36.7,66.4,50.6,15.1,94.00,1997
New York Knicks,82,43,39,3966,100.4,97.1,3.3,17.3,29.5,74.0,51.6,16.7,90.80,1997
Washington Wizards,82,42,40,3961,102.2,101.6,0.6,17.5,31.2,69.5,49.7,14.8,94.50,1997
Houston Rockets,82,41,41,3966,104.4,105.6,-1.2,16.9,29.8,69.3,49.8,16.7,93.70,1997
Orlando Magic,82,41,41,3966,98.8,100.9,-2.1,16.3,34.2,66.9,50.2,16.8,90.10,1997
Detroit Pistons,82,37,45,3991,102.5,100.4,2.1,15.5,30.9,70.2,50.4,15.9,90.80,1997
Boston Celtics,82,36,46,3946,99.1,102.6,-3.5,16.5,32.8,66.8,48.4,16.8,96.10,1997
Milwaukee Bucks,82,36,46,3986,100.6,102.4,-1.8,15.7,31.4,69.1,50.1,18.0,92.80,1997
Philadelphia 76ers,82,31,51,3951,99.7,102.7,-3.0,16.3,32.5,67.3,49.7,17.7,93.00,1997
Sacramento Kings,82,27,55,3946,98.1,103.8,-5.7,17.0,30.2,66.6,47.9,16.3,94.80,1997
Dallas Mavericks,82,20,62,3981,97.4,104.4,-7.0,14.9,27.6,65.1,46.0,15.4,92.60,1997
Vancouver Grizzlies,82,19,63,3966,101.1,109.3,-8.2,17.9,31.4,66.9,49.2,17.9,94.60,1997
Golden State Warriors,82,19,63,3966,92.7,102.8,-10.1,15.7,33.7,68.6,50.6,17.5,94.20,1997
Los Angeles Clippers,82,17,65,3956,99.9,108.3,-8.4,14.6,29.6,66.1,47.7,16.8,95.20,1997
Toronto Raptors,82,16,66,3986,98.5,107.7,-9.2,16.0,32.1,62.9,46.9,17.3,95.40,1997
Denver Nuggets,82,11,71,3946,95.7,109.1,-13.4,15.0,30.2,66.3,47.8,17.2,92.50,1997
Chicago Bulls,82,69,13,3946,111.1,99.2,12.0,19.4,35.9,69.3,52.9,14.6,92.70,1996
Utah Jazz,82,64,18,3966,110.5,101.6,9.0,20.4,29.7,71.6,51.9,16.5,92.40,1996
Miami Heat,82,61,21,3961,104.0,97.9,6.1,16.9,29.2,70.6,50.3,17.5,90.60,1996
Houston Rockets,82,57,25,3971,105.8,101.4,4.4,18.7,28.4,71.4,51.0,17.5,94.10,1996
New York Knicks,82,57,25,3971,102.2,97.6,4.6,17.2,30.5,73.4,52.7,19.1,93.00,1996
Seattle SuperSonics,82,57,25,3956,108.2,99.5,8.7,18.1,30.9,69.1,50.1,16.1,92.90,1996
Los Angeles Lakers,82,56,26,3986,105.2,100.8,4.3,17.0,31.6,68.5,50.2,15.7,93.80,1996
Atlanta Hawks,82,56,26,3961,105.4,98.9,6.5,15.5,31.5,69.2,50.8,16.7,89.60,1996
Charlotte Hornets,82,54,28,3961,108.0,105.6,2.4,19.2,28.7,68.1,49.0,16.0,91.10,1996
Detroit Pistons,82,54,28,3966,107.9,101.3,6.6,16.1,27.5,70.4,49.4,14.6,86.90,1996
Portland Trail Blazers,82,49,33,3971,104.6,100.5,4.1,16.1,32.5,72.4,53.0,17.5,93.70,1996
Orlando Magic,82,45,37,3971,102.3,103.3,-1.0,16.3,30.9,67.3,48.6,16.6,90.90,1996
Washington Bullets,82,44,38,3971,104.1,102.0,2.1,17.7,30.2,70.3,50.5,16.5,94.80,1996
Cleveland Cavaliers,82,42,40,3971,102.0,99.4,2.6,17.5,29.4,71.9,50.3,16.9,85.20,1996
Phoenix Suns,82,40,42,3971,106.7,105.5,1.2,18.9,27.1,69.4,48.4,14.9,95.80,1996
Minnesota Timberwolves,82,40,42,3956,102.6,103.7,-1.1,17.7,28.8,68.3,48.7,16.2,93.40,1996
Indiana Pacers,82,39,43,3986,103.0,101.8,1.2,16.8,31.3,70.4,51.2,17.6,91.50,1996
Los Angeles Clippers,82,36,46,3986,101.8,104.9,-3.1,15.6,30.8,68.1,48.8,16.7,94.00,1996
Sacramento Kings,82,34,48,3962,101.9,105.8,-3.8,16.8,31.9,68.4,49.9,17.2,93.40,1996
Milwaukee Bucks,82,33,49,3946,103.4,105.6,-2.2,15.8,29.7,69.9,49.9,17.0,91.90,1996
Golden State Warriors,82,30,52,3981,104.1,108.9,-4.8,16.8,32.3,67.5,49.9,18.0,94.70,1996
Toronto Raptors,82,30,52,3966,101.3,105.1,-3.7,16.1,32.5,68.6,50.0,17.4,93.30,1996
New Jersey Nets,82,26,56,3956,101.4,106.5,-5.1,15.5,36.4,69.0,51.8,16.4,95.30,1996
Dallas Mavericks,82,24,58,3961,98.0,105.7,-7.7,16.0,30.0,67.3,48.4,17.5,91.50,1996
Philadelphia 76ers,82,22,60,3956,101.4,108.4,-6.9,15.2,34.1,66.5,49.9,17.7,98.10,1996
Denver Nuggets,82,21,61,3986,101.2,108.2,-7.0,17.4,28.8,69.3,49.3,17.1,95.20,1996
San Antonio Spurs,82,20,62,3946,100.5,108.8,-8.3,16.3,32.4,67.0,49.1,16.8,90.00,1996
Boston Celtics,82,15,67,3981,100.8,108.8,-8.0,16.1,29.4,68.5,47.5,16.4,98.30,1996
Vancouver Grizzlies,82,14,68,3956,97.6,108.9,-11.3,17.9,29.7,64.1,46.7,17.4,90.90,1996
