TEAM,GP,W,L,MIN,"%FGA
2PT","%FGA
3PT","%PTS
2PT","%PTS
2PT- MR","%PTS
3PT","%PTS
FBPS","%PTS
FT","%PTS
OFFTO","%PTS
PITP","2FGM
%AST","2FGM
%UAST","3FGM
%AST","3FGM
%UAST","FGM
%AST","FGM
%UAST",Season
Boston Celtics,66,52,14,48.4,53.0,47.0,45.3,6.2,40.7,12.7,14.0,12.7,39.1,50.2,49.8,77.9,22.1,60.6,39.4,2023
Denver Nuggets,67,47,20,48.1,65.0,35.0,56.8,10.2,30.0,12.2,13.2,13.5,46.7,59.5,40.5,86.1,13.9,66.4,33.6,2023
Oklahoma City Thunder,67,47,20,48.3,61.8,38.2,51.8,8.3,33.5,12.7,14.7,16.7,43.5,47.6,52.4,89.1,10.9,60.1,39.9,2023
Minnesota Timberwolves,67,46,21,48.4,62.1,37.9,50.9,5.6,33.1,10.9,16.1,14.6,45.3,54.2,45.8,86.4,13.6,63.9,36.1,2023
Milwaukee Bucks,67,43,24,48.2,56.9,43.1,48.3,8.5,35.5,10.7,16.2,11.9,39.8,49.8,50.2,83.9,16.1,61.0,39.0,2023
Cleveland Cavaliers,67,42,25,48.4,57.5,42.5,50.0,5.6,36.1,13.7,13.9,14.5,44.4,57.2,42.8,84.2,15.8,66.0,34.0,2023
LA Clippers,66,42,24,48.1,61.4,38.6,50.9,7.8,33.4,12.4,15.7,14.2,43.1,54.5,45.5,73.7,26.3,60.4,39.6,2023
New Orleans Pelicans,67,41,26,48.1,63.2,36.8,52.7,7.9,31.9,12.8,15.4,15.2,44.8,52.7,47.3,89.5,10.5,63.3,36.7,2023
New York Knicks,67,40,27,48.0,59.5,40.5,49.7,6.2,34.8,13.2,15.5,14.6,43.4,46.5,53.5,83.3,16.7,58.3,41.7,2023
Orlando Magic,67,39,28,48.3,63.6,36.4,53.3,6.4,29.6,11.4,17.1,16.6,46.8,50.5,49.5,87.9,12.1,60.6,39.4,2023
Phoenix Suns,67,39,28,48.3,63.0,37.0,52.3,11.4,30.8,11.5,17.0,13.3,40.9,53.3,46.7,86.0,14.0,62.5,37.5,2023
Dallas Mavericks,67,38,29,48.0,55.8,44.2,48.1,8.3,37.1,13.0,14.8,13.8,39.8,50.7,49.3,74.6,25.4,58.8,41.2,2023
Indiana Pacers,68,38,30,48.1,61.8,38.2,54.4,7.6,32.2,13.2,13.4,14.6,46.8,57.5,42.5,85.2,14.8,65.4,34.6,2023
Sacramento Kings,66,38,28,48.5,57.2,42.8,50.4,5.8,36.5,11.6,13.1,13.5,44.6,54.0,46.0,88.1,11.9,65.1,34.9,2023
Philadelphia 76ers,67,37,30,48.1,63.7,36.3,52.1,7.7,30.2,13.6,17.8,15.1,44.4,50.2,49.8,82.6,17.4,59.2,40.8,2023
Los Angeles Lakers,68,36,32,48.4,64.8,35.2,54.6,7.1,29.7,14.3,15.7,13.7,47.6,59.4,40.6,81.7,18.3,65.3,34.7,2023
Miami Heat,66,36,30,48.1,61.5,38.5,50.0,6.9,33.3,11.4,16.7,14.6,43.2,53.6,46.4,89.8,10.2,64.7,35.3,2023
Golden State Warriors,66,35,31,48.5,57.3,42.7,48.6,7.6,37.5,10.2,13.9,13.5,41.0,59.6,40.4,80.3,19.7,66.7,33.3,2023
Chicago Bulls,68,33,35,48.8,63.5,36.5,53.6,11.5,31.3,10.9,15.1,15.2,42.2,48.5,51.5,87.7,12.3,59.5,40.5,2023
Houston Rockets,67,32,35,48.4,61.4,38.6,51.7,7.2,32.3,13.6,15.9,14.2,44.5,51.5,48.5,79.2,20.8,59.6,40.4,2023
Atlanta Hawks,66,29,37,48.3,59.6,40.4,49.4,6.8,34.2,11.4,16.4,14.5,42.6,52.6,47.4,77.6,22.4,60.5,39.5,2023
Utah Jazz,67,29,38,48.4,59.3,40.7,50.1,4.1,33.8,12.1,16.1,12.8,46.0,55.6,44.4,87.9,12.1,65.6,34.4,2023
Brooklyn Nets,67,26,41,48.2,58.5,41.5,49.1,6.4,36.8,12.3,14.1,13.5,42.7,53.5,46.5,85.4,14.6,64.1,35.9,2023
Memphis Grizzlies,68,23,45,48.2,56.1,43.9,47.0,4.3,37.8,11.1,15.2,16.3,42.8,53.0,47.0,88.1,11.9,65.2,34.8,2023
Toronto Raptors,67,23,44,48.4,62.9,37.1,54.5,6.7,31.3,16.9,14.2,14.3,47.8,59.5,40.5,90.7,9.3,68.1,31.9,2023
Portland Trail Blazers,67,19,48,48.6,62.8,37.2,51.5,8.5,32.7,12.0,15.8,15.1,43.0,46.9,53.1,84.5,15.5,58.1,41.9,2023
Charlotte Hornets,68,17,51,48.1,61.9,38.1,53.1,7.7,33.2,11.9,13.6,14.5,45.5,51.7,48.3,83.5,16.5,61.0,39.0,2023
San Antonio Spurs,67,14,53,48.1,60.4,39.6,52.3,6.6,33.7,13.4,14.0,14.0,45.7,62.1,37.9,91.4,8.6,70.9,29.1,2023
Detroit Pistons,66,12,54,48.2,64.3,35.7,54.4,8.5,30.1,13.0,15.5,12.8,45.9,55.0,45.0,85.1,14.9,63.1,36.9,2023
Washington Wizards,67,11,56,48.1,61.6,38.4,54.0,5.8,32.3,15.7,13.7,15.7,48.2,57.9,42.1,84.8,15.2,65.6,34.4,2023
Milwaukee Bucks,82,58,24,48.4,55.4,44.6,47.7,8.4,38.1,11.2,14.2,11.7,39.3,48.9,51.1,81.9,18.1,60.4,39.6,2022
Boston Celtics,82,57,25,48.7,52.0,48.0,44.4,5.0,40.8,11.8,14.8,13.5,39.3,51.3,48.7,82.5,17.5,63.2,36.8,2022
Philadelphia 76ers,82,54,28,48.5,61.1,38.9,48.9,7.4,32.9,12.8,18.2,15.3,41.5,52.5,47.5,82.0,18.0,61.6,38.4,2022
Denver Nuggets,82,53,29,48.2,63.9,36.1,54.9,7.3,30.6,14.0,14.5,13.7,47.5,60.4,39.6,81.9,18.1,66.3,33.7,2022
Cleveland Cavaliers,82,51,31,48.5,62.9,37.1,53.4,6.4,31.0,11.3,15.6,17.3,47.0,55.1,44.9,72.6,27.4,60.0,40.0,2022
Memphis Grizzlies,82,51,31,48.2,62.8,37.2,54.2,4.3,30.8,15.4,14.9,15.1,49.9,50.4,49.6,83.7,16.3,59.6,40.4,2022
Sacramento Kings,82,48,34,48.4,57.7,42.3,49.4,6.1,34.2,12.4,16.4,14.5,43.3,50.5,49.5,88.8,11.2,62.6,37.4,2022
New York Knicks,82,47,35,48.7,60.0,40.0,50.6,5.7,32.7,11.0,16.7,13.5,44.9,42.8,57.2,82.0,18.0,54.6,45.4,2022
Brooklyn Nets,82,45,37,48.1,60.3,39.7,50.6,11.7,33.8,13.0,15.6,14.5,38.8,52.5,47.5,82.0,18.0,61.6,38.4,2022
Phoenix Suns,82,45,37,48.2,63.8,36.2,52.6,12.1,32.2,9.3,15.2,15.1,40.5,56.2,43.8,85.6,14.4,64.7,35.3,2022
Golden State Warriors,82,44,38,48.4,52.1,47.9,44.6,6.9,41.9,12.2,13.5,14.8,37.7,60.6,39.4,82.8,17.2,69.1,30.9,2022
LA Clippers,82,44,38,48.4,61.3,38.7,50.0,9.9,33.5,11.4,16.5,14.1,40.1,46.7,53.3,83.8,16.2,58.1,41.9,2022
Miami Heat,82,44,38,48.3,59.2,40.8,49.8,7.4,32.8,10.5,17.5,16.6,42.4,51.7,48.3,81.6,18.4,60.8,39.2,2022
Los Angeles Lakers,82,43,39,48.5,64.9,35.1,54.8,8.2,27.6,14.3,17.6,12.0,46.5,50.2,49.8,84.9,15.1,58.9,41.1,2022
Minnesota Timberwolves,82,42,40,48.4,61.9,38.1,53.0,6.2,31.5,12.7,15.5,15.5,46.9,53.9,46.1,79.0,21.0,61.0,39.0,2022
New Orleans Pelicans,82,42,40,48.4,65.6,34.4,54.3,7.7,28.8,12.9,16.9,15.9,46.7,51.7,48.3,89.4,10.6,61.6,38.4,2022
Atlanta Hawks,82,41,41,48.4,66.9,33.1,57.2,11.3,27.2,11.3,15.6,14.4,45.8,49.5,50.5,76.5,23.5,56.0,44.0,2022
Toronto Raptors,82,41,41,48.3,64.9,35.1,55.2,8.3,28.5,15.8,16.3,18.6,46.9,48.2,51.8,83.0,17.0,57.1,42.9,2022
Chicago Bulls,82,40,42,48.5,66.7,33.3,56.8,14.0,27.6,12.3,15.6,16.2,42.8,47.4,52.6,88.6,11.4,57.5,42.5,2022
Oklahoma City Thunder,82,40,42,48.4,63.1,36.9,52.7,5.7,31.0,12.4,16.3,17.6,47.0,44.4,55.6,87.9,12.1,56.7,43.3,2022
Dallas Mavericks,82,38,44,48.6,51.3,48.7,43.5,6.0,39.9,9.7,16.6,14.0,37.5,44.8,55.2,77.6,22.4,57.3,42.7,2022
Utah Jazz,82,37,45,48.3,57.9,42.1,49.8,4.4,34.2,10.2,16.0,13.0,45.4,50.0,50.0,85.4,14.6,61.1,38.9,2022
Indiana Pacers,82,35,47,48.2,58.7,41.3,48.9,6.3,35.0,15.5,16.1,14.8,42.6,55.4,44.6,82.7,17.3,64.3,35.7,2022
Washington Wizards,82,35,47,48.2,63.5,36.5,54.6,9.3,29.9,10.5,15.5,13.1,45.3,50.8,49.2,86.2,13.8,60.3,39.7,2022
Orlando Magic,82,34,48,48.2,63.9,36.1,53.4,8.5,29.0,11.5,17.6,15.7,44.9,47.0,53.0,85.8,14.2,57.4,42.6,2022
Portland Trail Blazers,82,33,49,48.1,58.7,41.3,48.6,6.6,34.1,12.5,17.3,14.4,42.1,50.9,49.1,78.6,21.4,59.7,40.3,2022
Charlotte Hornets,82,27,55,48.4,64.0,36.0,55.0,7.2,29.1,13.8,15.9,15.6,47.8,53.6,46.4,81.7,18.3,60.9,39.1,2022
Houston Rockets,82,22,60,48.2,64.1,35.9,54.5,4.9,28.3,11.7,17.3,14.1,49.5,47.7,52.3,76.6,23.4,55.1,44.9,2022
San Antonio Spurs,82,22,60,48.4,65.2,34.8,56.6,7.4,29.5,11.9,13.9,13.9,49.2,53.0,47.0,92.4,7.6,63.2,36.8,2022
Detroit Pistons,82,17,65,48.3,62.8,37.2,51.1,8.9,31.0,10.6,17.9,14.5,42.2,47.5,52.5,84.3,15.7,58.1,41.9,2022
Phoenix Suns,82,64,18,48.1,64.6,35.4,55.9,12.5,30.3,10.9,13.8,15.7,43.3,55.2,44.8,83.2,16.8,62.7,37.3,2021
Memphis Grizzlies,82,56,26,48.2,65.4,34.6,55.4,5.6,29.9,15.3,14.7,15.8,49.8,50.4,49.6,85.4,14.6,59.7,40.3,2021
Golden State Warriors,82,53,29,48.1,54.4,45.6,47.2,6.9,38.8,12.4,14.1,15.9,40.2,59.5,40.5,80.4,19.6,66.9,33.1,2021
Miami Heat,82,53,29,48.4,57.8,42.2,47.3,8.2,37.0,9.9,15.7,15.7,39.1,53.7,46.3,84.9,15.1,64.4,35.6,2021
Dallas Mavericks,82,52,30,48.2,56.1,43.9,48.5,8.8,36.3,9.3,15.1,13.8,39.7,50.2,49.8,78.3,21.7,59.5,40.5,2021
Boston Celtics,82,51,31,48.5,57.5,42.5,49.2,7.6,35.5,9.9,15.2,14.6,41.6,51.2,48.8,81.3,18.7,60.9,39.1,2021
Milwaukee Bucks,82,51,31,48.2,57.0,43.0,48.1,9.1,36.5,11.4,15.4,13.0,38.9,46.1,53.9,78.9,21.1,57.2,42.8,2021
Philadelphia 76ers,82,51,31,48.3,62.4,37.6,50.6,9.7,31.6,11.1,17.8,14.3,40.9,50.5,49.5,83.5,16.5,60.2,39.8,2021
Utah Jazz,82,49,33,48.1,53.2,46.8,45.8,3.7,38.4,8.9,15.8,13.0,42.1,45.4,54.6,72.7,27.3,55.2,44.8,2021
Denver Nuggets,82,48,34,48.3,58.4,41.6,51.4,7.7,33.7,12.0,14.8,13.8,43.7,58.4,41.6,85.7,14.3,66.7,33.3,2021
Toronto Raptors,82,48,34,48.4,62.5,37.5,52.5,9.4,32.7,14.5,14.8,17.3,43.1,43.4,56.6,80.4,19.6,54.3,45.7,2021
Chicago Bulls,82,46,36,48.1,66.8,33.2,55.7,14.7,28.6,11.4,15.7,14.7,41.0,47.6,52.4,85.2,14.8,57.2,42.8,2021
Minnesota Timberwolves,82,46,36,48.2,54.6,45.4,46.3,5.2,38.2,13.1,15.5,17.1,41.1,51.9,48.1,79.7,20.3,61.7,38.3,2021
Brooklyn Nets,82,44,38,48.2,64.1,35.9,54.1,13.4,30.5,12.2,15.5,13.9,40.7,54.1,45.9,76.4,23.6,60.2,39.8,2021
Cleveland Cavaliers,82,44,38,48.1,61.3,38.7,52.1,7.2,32.3,10.4,15.6,14.7,44.9,55.6,44.4,82.2,17.8,63.4,36.6,2021
Atlanta Hawks,82,43,39,48.1,61.0,39.0,50.2,10.1,33.9,8.5,15.9,13.7,40.1,52.9,47.1,73.5,26.5,59.3,40.7,2021
Charlotte Hornets,82,43,39,48.5,58.2,41.8,50.0,5.5,36.3,14.1,13.7,16.1,44.6,55.9,44.1,85.7,14.3,65.6,34.4,2021
LA Clippers,82,42,40,48.2,60.9,39.1,50.3,10.3,35.3,10.9,14.3,14.2,40.1,50.3,49.7,80.5,19.5,59.9,40.1,2021
New York Knicks,82,37,45,48.2,57.2,42.8,46.0,6.9,37.2,10.0,16.9,14.7,39.0,46.5,53.5,79.5,20.5,58.1,41.9,2021
New Orleans Pelicans,82,36,46,48.2,63.5,36.5,54.0,9.8,29.2,13.1,16.7,15.2,44.3,53.1,46.9,87.3,12.7,62.1,37.9,2021
Washington Wizards,82,35,47,48.4,64.4,35.6,55.4,10.2,29.0,9.0,15.6,12.9,45.2,53.2,46.8,86.0,14.0,61.7,38.3,2021
San Antonio Spurs,82,34,48,48.3,65.5,34.5,56.5,9.4,29.9,12.0,13.6,14.6,47.1,55.1,44.9,91.2,8.8,64.6,35.4,2021
Los Angeles Lakers,82,33,49,48.7,61.2,38.8,52.9,9.0,32.0,13.2,15.0,14.4,43.9,47.6,52.4,82.5,17.5,57.6,42.4,2021
Sacramento Kings,82,30,52,48.3,62.3,37.7,52.7,8.3,31.1,10.6,16.2,14.7,44.4,49.8,50.2,80.7,19.3,58.5,41.5,2021
Portland Trail Blazers,82,27,55,48.1,57.8,42.2,48.6,7.4,35.9,11.7,15.5,15.6,41.3,50.0,50.0,78.7,21.3,59.5,40.5,2021
Indiana Pacers,82,25,57,48.5,60.5,39.5,52.5,7.9,32.7,11.9,14.7,13.0,44.6,51.0,49.0,86.0,14.0,61.2,38.8,2021
Oklahoma City Thunder,82,24,58,48.3,58.1,41.9,50.6,5.4,35.0,10.3,14.5,14.4,45.2,46.6,53.4,82.8,17.2,58.0,42.0,2021
Detroit Pistons,82,23,59,48.2,60.9,39.1,51.3,7.8,32.3,10.0,16.4,16.2,43.5,49.8,50.2,89.3,10.7,61.5,38.5,2021
Orlando Magic,82,22,60,48.2,58.3,41.7,50.1,6.5,35.1,10.4,14.9,13.6,43.6,49.9,50.1,88.0,12.0,62.0,38.0,2021
Houston Rockets,82,20,62,48.2,55.2,44.8,47.2,2.7,36.8,11.1,15.9,14.7,44.5,50.2,49.8,78.4,21.6,59.8,40.2,2021
Utah Jazz,72,52,20,48.2,51.2,48.8,42.1,4.2,43.1,10.2,14.7,12.1,38.0,44.4,55.6,76.3,23.7,57.3,42.7,2020
Phoenix Suns,72,51,21,48.6,60.8,39.2,52.5,13.2,34.0,11.3,13.5,13.9,39.3,52.4,47.6,84.9,15.1,62.2,37.8,2020
Philadelphia 76ers,72,49,23,48.4,65.3,34.7,53.0,11.4,29.7,13.4,17.2,15.9,41.6,45.2,54.8,89.4,10.6,57.2,42.8,2020
Brooklyn Nets,72,48,24,48.3,58.7,41.3,48.9,7.4,35.8,12.1,15.3,13.3,41.5,53.6,46.4,79.5,20.5,62.1,37.9,2020
Denver Nuggets,72,47,25,48.6,61.7,38.3,52.8,9.6,33.6,10.8,13.6,15.6,43.2,52.3,47.7,85.1,14.9,62.1,37.9,2020
LA Clippers,72,47,25,48.0,60.0,40.0,48.3,11.3,37.5,9.1,14.2,14.0,37.0,45.4,54.6,83.4,16.6,58.4,41.6,2020
Milwaukee Bucks,72,46,26,48.1,59.6,40.4,50.5,9.9,36.0,12.1,13.5,13.6,40.6,46.8,53.2,78.2,21.8,56.9,43.1,2020
Dallas Mavericks,72,42,30,48.1,56.4,43.6,48.5,9.2,36.8,10.1,14.6,12.9,39.3,44.5,55.5,77.8,22.2,55.7,44.3,2020
Los Angeles Lakers,72,42,30,48.5,63.7,36.3,54.0,8.4,30.3,12.1,15.7,15.9,45.6,50.6,49.4,87.7,12.3,60.7,39.3,2020
Portland Trail Blazers,72,42,30,48.1,55.2,44.8,44.0,10.2,40.6,10.0,15.3,12.9,33.9,40.5,59.5,69.3,30.7,51.5,48.5,2020
Atlanta Hawks,72,41,31,48.3,61.8,38.2,49.9,7.8,32.8,8.8,17.3,12.9,42.0,50.4,49.6,79.1,20.9,59.1,40.9,2020
New York Knicks,72,41,31,48.4,65.3,34.7,51.7,10.6,33.0,8.3,15.3,14.1,41.1,41.6,58.4,84.2,15.8,54.3,45.7,2020
Miami Heat,72,40,32,48.3,56.8,43.2,48.6,7.6,35.9,11.0,15.4,16.4,41.1,56.2,43.8,89.3,10.7,67.1,32.9,2020
Golden State Warriors,72,39,33,48.1,56.1,43.9,47.0,7.1,38.4,12.7,14.6,15.3,39.9,59.5,40.5,80.6,19.4,67.0,33.0,2020
Memphis Grizzlies,72,38,34,48.3,65.8,34.2,56.0,6.7,29.5,15.3,14.5,16.3,49.3,54.3,45.7,87.2,12.8,62.8,37.2,2020
Boston Celtics,72,36,36,48.3,59.1,40.9,49.5,8.4,36.2,10.5,14.3,15.8,41.1,47.8,52.2,74.6,25.4,56.6,43.4,2020
Indiana Pacers,72,34,38,48.5,62.8,37.2,53.6,6.8,32.1,14.4,14.2,15.6,46.8,53.5,46.5,88.0,12.0,63.3,36.7,2020
Washington Wizards,72,34,38,48.3,68.1,31.9,56.6,11.3,26.2,9.6,17.3,15.4,45.2,50.1,49.9,88.0,12.0,59.0,41.0,2020
Charlotte Hornets,72,33,39,48.2,57.8,42.2,48.0,6.0,37.5,12.4,14.5,16.2,42.0,58.9,41.1,83.1,16.9,67.2,32.8,2020
San Antonio Spurs,72,33,39,48.6,68.6,31.4,57.5,14.4,26.9,10.6,15.7,14.2,43.0,49.2,50.8,87.7,12.3,58.4,41.6,2020
Chicago Bulls,72,31,41,48.3,61.7,38.3,53.5,8.9,34.0,10.4,12.5,13.1,44.6,54.9,45.1,83.8,16.2,63.5,36.5,2020
New Orleans Pelicans,72,31,41,48.4,65.8,34.2,55.7,8.2,27.7,12.3,16.6,13.3,47.5,52.6,47.4,87.1,12.9,61.2,38.8,2020
Sacramento Kings,72,31,41,48.1,62.4,37.6,53.6,6.7,32.0,12.4,14.4,14.4,46.9,51.6,48.4,80.5,19.5,59.9,40.1,2020
Toronto Raptors,72,27,45,48.1,55.6,44.4,45.4,6.2,39.0,12.3,15.6,16.7,39.2,48.3,51.7,82.2,17.8,60.7,39.3,2020
Minnesota Timberwolves,72,23,49,48.3,58.7,41.3,49.3,5.3,35.1,10.8,15.7,16.5,44.0,53.2,46.8,83.5,16.5,63.0,37.0,2020
Cleveland Cavaliers,72,22,50,48.4,65.3,34.7,55.1,5.9,28.9,10.9,16.1,15.7,49.1,54.0,46.0,84.0,16.0,61.8,38.2,2020
Oklahoma City Thunder,72,22,50,48.2,60.1,39.9,51.3,5.8,34.0,8.8,14.7,13.6,45.4,45.5,54.5,82.4,17.6,56.8,43.2,2020
Orlando Magic,72,21,51,48.1,64.4,35.6,52.6,12.6,31.4,9.9,16.0,12.9,40.0,46.9,53.1,82.7,17.3,57.0,43.0,2020
Detroit Pistons,72,20,52,48.4,61.5,38.5,50.8,6.4,32.5,10.0,16.6,15.5,44.5,50.9,49.1,90.1,9.9,62.6,37.4,2020
Houston Rockets,72,17,55,48.1,54.1,45.9,46.8,3.9,38.0,10.2,15.2,16.6,42.9,48.6,51.4,81.4,18.6,60.1,39.9,2020
Milwaukee Bucks,73,56,17,48.2,57.2,42.8,49.7,8.2,34.9,15.1,15.4,14.0,41.5,49.8,50.2,81.1,18.9,59.8,40.2,2019
Toronto Raptors,72,53,19,48.3,57.9,42.1,46.9,5.4,36.8,16.7,16.4,17.3,41.5,53.0,47.0,81.1,18.9,62.7,37.3,2019
Los Angeles Lakers,71,52,19,48.1,64.2,35.8,55.2,8.7,29.1,16.2,15.6,16.7,46.5,51.8,48.2,83.1,16.9,60.0,40.0,2019
LA Clippers,72,49,23,48.3,62.5,37.5,50.1,9.0,32.1,11.8,17.9,15.4,41.0,46.5,53.5,81.8,18.2,57.1,42.9,2019
Boston Celtics,72,48,24,48.4,61.4,38.6,50.5,8.5,33.2,13.4,16.3,15.5,42.0,49.1,50.9,70.7,29.3,55.7,44.3,2019
Denver Nuggets,73,46,27,48.6,65.6,34.4,55.8,11.1,29.6,10.6,14.6,14.9,44.7,56.0,44.0,85.3,14.7,63.6,36.4,2019
Indiana Pacers,73,45,28,48.3,68.3,31.7,58.4,13.3,27.9,11.7,13.7,15.8,45.1,53.3,46.7,86.7,13.3,61.4,38.6,2019
Houston Rockets,72,44,28,48.3,49.9,50.1,42.7,3.7,39.8,12.4,17.5,16.1,38.9,43.0,57.0,69.2,30.8,53.0,47.0,2019
Miami Heat,73,44,29,48.6,58.1,41.9,46.5,7.3,35.9,10.1,17.6,14.5,39.1,55.8,44.2,84.9,15.1,65.7,34.3,2019
Oklahoma City Thunder,72,44,28,48.4,64.7,35.3,53.1,11.7,29.1,8.6,17.9,15.3,41.4,45.7,54.3,77.8,22.2,54.3,45.7,2019
Utah Jazz,72,44,28,48.2,58.6,41.4,48.0,5.7,36.1,9.4,15.9,12.8,42.3,45.2,54.8,77.5,22.5,56.0,44.0,2019
Dallas Mavericks,75,43,32,48.5,54.3,45.7,45.3,7.0,38.8,10.0,15.9,12.4,38.3,48.3,51.7,78.3,21.7,59.2,40.8,2019
Philadelphia 76ers,73,43,30,48.2,64.0,36.0,53.2,10.3,31.5,12.2,15.3,14.4,42.9,51.6,48.4,91.3,8.7,62.8,37.2,2019
Brooklyn Nets,72,35,37,48.6,57.7,42.3,48.9,4.5,35.1,11.7,16.0,13.2,44.3,51.8,48.2,78.9,21.1,60.6,39.4,2019
Portland Trail Blazers,74,35,39,48.2,62.6,37.4,51.0,12.2,33.6,11.4,15.4,12.4,38.8,40.9,59.1,66.9,33.1,48.8,51.2,2019
Memphis Grizzlies,73,34,39,48.1,65.4,34.6,56.1,6.5,29.1,15.2,14.7,15.2,49.6,54.7,45.3,88.0,12.0,63.3,36.7,2019
Phoenix Suns,73,34,39,48.2,63.9,36.1,52.4,10.4,30.1,12.9,17.5,16.2,42.0,57.4,42.6,88.9,11.1,66.1,33.9,2019
Orlando Magic,73,33,40,48.1,63.6,36.4,52.7,10.4,30.9,11.1,16.4,15.9,42.3,51.1,48.9,85.9,14.1,60.8,39.2,2019
San Antonio Spurs,71,32,39,48.5,68.2,31.8,55.2,17.0,28.2,11.7,16.6,13.8,38.2,48.1,51.9,88.8,11.2,58.5,41.5,2019
Sacramento Kings,72,31,41,48.5,60.5,39.5,51.2,8.5,34.6,11.6,14.2,15.8,42.7,47.1,52.9,82.8,17.2,58.2,41.8,2019
New Orleans Pelicans,72,30,42,48.4,59.7,40.3,49.9,6.9,35.3,14.3,14.7,14.4,43.0,51.6,48.4,87.4,12.6,63.0,37.0,2019
Washington Wizards,72,25,47,48.2,64.2,35.8,51.6,11.7,31.5,11.7,16.9,16.2,39.9,50.9,49.1,83.2,16.8,60.2,39.8,2019
Charlotte Hornets,65,23,42,48.5,60.1,39.9,49.1,3.9,35.2,11.3,15.7,15.7,45.2,56.0,44.0,80.3,19.7,63.9,36.1,2019
Chicago Bulls,65,22,43,48.2,60.4,39.6,51.3,5.0,34.3,13.9,14.5,19.8,46.3,48.7,51.3,81.2,18.8,58.7,41.3,2019
New York Knicks,66,21,45,48.4,68.2,31.8,57.5,11.5,27.1,8.9,15.4,14.9,45.9,45.1,54.9,87.2,12.8,55.2,44.8,2019
Atlanta Hawks,67,20,47,48.6,60.2,39.8,51.2,6.1,32.3,11.5,16.5,15.0,45.1,52.5,47.5,74.3,25.7,58.9,41.1,2019
Detroit Pistons,66,20,46,48.4,61.9,38.1,51.0,6.0,33.5,10.2,15.5,14.8,45.0,49.9,50.1,87.1,12.9,61.2,38.8,2019
Cleveland Cavaliers,65,19,46,48.4,63.8,36.2,54.5,8.4,31.4,9.9,14.1,13.4,46.1,47.2,52.8,83.5,16.5,57.3,42.7,2019
Minnesota Timberwolves,64,19,45,48.6,56.7,43.3,47.8,4.4,35.3,9.9,16.9,14.7,43.4,49.0,51.0,79.1,20.9,59.0,41.0,2019
Golden State Warriors,65,15,50,48.4,64.5,35.5,53.0,11.8,29.4,12.9,17.6,16.0,41.2,59.7,40.3,84.1,15.9,66.3,33.7,2019
Milwaukee Bucks,82,60,22,48.2,58.1,41.9,50.6,5.5,34.2,15.0,15.2,14.1,45.1,50.0,50.0,82.5,17.5,60.1,39.9,2018
Toronto Raptors,82,58,24,48.5,62.1,37.9,52.1,9.7,32.4,16.0,15.4,15.1,42.4,49.9,50.1,85.2,14.8,60.3,39.7,2018
Golden State Warriors,82,57,25,48.3,61.6,38.4,52.3,15.6,33.8,16.2,13.9,13.8,36.7,61.0,39.0,80.3,19.7,66.8,33.2,2018
Denver Nuggets,82,54,28,48.1,65.2,34.8,55.9,8.8,29.9,11.4,14.3,14.2,47.1,57.1,42.9,88.3,11.7,65.3,34.7,2018
Houston Rockets,82,53,29,48.4,48.1,51.9,40.6,3.6,42.5,10.6,16.9,15.8,37.0,48.2,51.8,62.6,37.4,54.1,45.9,2018
Portland Trail Blazers,82,53,29,48.4,66.1,33.9,54.6,11.6,28.8,9.6,16.6,13.1,43.0,47.2,52.8,74.9,25.1,54.4,45.6,2018
Philadelphia 76ers,82,51,31,48.3,65.8,34.2,53.3,10.4,28.2,13.0,18.4,13.3,42.9,54.6,45.4,93.7,6.3,64.8,35.2,2018
Utah Jazz,82,50,32,48.2,60.6,39.4,50.7,6.1,32.5,9.5,16.8,14.7,44.6,55.6,44.4,84.8,15.2,64.4,35.6,2018
Boston Celtics,82,49,33,48.2,61.9,38.1,52.5,12.7,33.6,14.5,13.9,16.1,39.8,52.7,47.3,85.4,14.6,62.4,37.6,2018
Oklahoma City Thunder,82,49,33,48.4,65.3,34.7,54.7,9.4,29.8,15.9,15.6,16.8,45.3,45.1,54.9,81.4,18.6,54.8,45.2,2018
Indiana Pacers,82,48,34,48.1,70.8,29.2,59.0,13.7,26.4,13.5,14.7,17.6,45.2,55.7,44.3,86.4,13.6,62.8,37.2,2018
LA Clippers,82,48,34,48.4,70.5,29.5,54.3,9.8,26.1,12.4,19.6,13.5,44.5,49.7,50.3,84.9,15.1,58.2,41.8,2018
San Antonio Spurs,82,48,34,48.3,71.4,28.6,58.0,19.3,26.6,9.3,15.4,12.6,38.7,49.4,50.6,86.5,13.5,58.0,42.0,2018
Brooklyn Nets,82,42,40,48.7,59.7,40.3,49.0,5.5,34.1,10.4,16.9,13.7,43.4,50.8,49.2,77.4,22.6,59.2,40.8,2018
Orlando Magic,82,42,40,48.2,64.0,36.0,54.1,13.0,31.9,10.1,14.0,14.2,41.0,55.3,44.7,83.2,16.8,63.2,36.8,2018
Detroit Pistons,82,41,41,48.4,60.6,39.4,49.9,8.1,33.9,9.4,16.1,14.8,41.9,46.5,53.5,83.1,16.9,57.9,42.1,2018
Charlotte Hornets,82,39,43,48.4,62.2,37.8,51.1,8.9,32.3,10.6,16.6,14.5,42.2,49.4,50.6,77.7,22.3,57.8,42.2,2018
Miami Heat,82,39,43,48.1,63.2,36.8,53.6,7.3,32.1,9.4,14.3,14.7,46.3,50.5,49.5,88.0,12.0,61.2,38.8,2018
Sacramento Kings,82,39,43,48.1,67.9,32.1,55.8,10.4,29.7,18.3,14.5,16.9,45.4,50.7,49.3,81.8,18.2,58.8,41.2,2018
Los Angeles Lakers,82,37,45,48.2,65.8,34.2,57.7,7.9,27.7,17.3,14.6,15.0,49.8,53.9,46.1,79.3,20.7,60.0,40.0,2018
Minnesota Timberwolves,82,36,46,48.4,68.5,31.5,56.1,12.1,26.9,10.4,17.0,15.5,44.0,50.5,49.5,86.2,13.8,59.1,40.9,2018
Dallas Mavericks,82,33,49,48.2,57.8,42.2,48.4,7.5,34.3,11.3,17.3,13.4,40.9,50.6,49.4,80.6,19.4,60.3,39.7,2018
Memphis Grizzlies,82,33,49,48.5,65.8,34.2,54.2,9.5,28.7,11.9,17.1,16.6,44.8,56.2,43.8,82.6,17.4,63.1,36.9,2018
New Orleans Pelicans,82,33,49,48.2,67.6,32.4,57.9,7.4,26.7,12.8,15.4,14.0,50.4,54.2,45.8,86.9,13.1,61.9,38.1,2018
Washington Wizards,82,32,50,48.6,63.0,37.0,54.0,10.1,29.8,12.4,16.1,15.5,43.9,53.3,46.7,86.8,13.2,62.3,37.7,2018
Atlanta Hawks,82,29,53,48.4,59.7,40.3,50.0,4.9,34.4,13.4,15.5,15.0,45.1,53.3,46.7,82.4,17.6,62.4,37.6,2018
Chicago Bulls,82,22,60,48.5,70.5,29.5,58.6,10.2,26.0,11.5,15.4,14.5,48.4,46.5,53.5,83.8,16.2,55.0,45.0,2018
Cleveland Cavaliers,82,19,63,48.2,66.8,33.2,54.7,12.1,29.7,10.1,15.7,13.8,42.6,43.5,56.5,80.2,19.8,53.2,46.8,2018
Phoenix Suns,82,19,63,48.5,66.5,33.5,56.7,10.4,26.9,14.1,16.4,17.0,46.3,52.8,47.2,80.8,19.2,59.5,40.5,2018
New York Knicks,82,17,65,48.2,66.6,33.4,53.9,11.8,28.8,10.6,17.3,14.1,42.1,41.8,58.2,82.6,17.4,52.5,47.5,2018
Houston Rockets,82,65,17,48.2,49.8,50.2,41.6,5.4,40.9,10.2,17.5,15.5,36.2,47.0,53.0,68.9,31.1,55.7,44.3,2017
Toronto Raptors,82,59,23,48.4,62.3,37.7,52.8,9.2,31.7,11.9,15.5,15.4,43.6,49.9,50.1,81.6,18.4,59.0,41.0,2017
Golden State Warriors,82,58,24,48.1,66.1,33.9,55.5,16.7,29.9,17.0,14.6,15.2,38.9,64.3,35.7,80.1,19.9,68.5,31.5,2017
Boston Celtics,82,55,27,48.3,64.3,35.7,51.6,13.4,33.0,9.1,15.3,14.8,38.3,49.0,51.0,81.3,18.7,58.6,41.4,2017
Philadelphia 76ers,82,52,30,48.2,65.6,34.4,54.4,11.4,30.0,10.4,15.6,15.4,43.0,55.6,44.4,95.4,4.6,66.3,33.7,2017
Cleveland Cavaliers,82,50,32,48.1,62.1,37.9,51.3,11.4,32.4,11.3,16.4,14.6,39.9,47.8,52.2,81.9,18.1,57.9,42.1,2017
Portland Trail Blazers,82,49,33,48.2,67.6,32.4,54.9,14.1,29.3,7.6,15.8,13.3,40.8,41.6,58.4,72.1,27.9,49.6,50.4,2017
Indiana Pacers,82,48,34,48.2,71.6,28.4,60.2,17.8,25.7,14.0,14.2,17.3,42.4,46.5,53.5,81.9,18.1,54.4,45.6,2017
New Orleans Pelicans,82,48,34,48.7,68.1,31.9,58.1,11.2,27.4,13.7,14.5,14.6,46.9,54.9,45.1,87.6,12.4,62.7,37.3,2017
Oklahoma City Thunder,82,48,34,48.4,65.5,34.5,54.0,13.3,29.9,14.1,16.1,17.3,40.7,42.6,57.4,83.1,16.9,53.5,46.5,2017
Utah Jazz,82,48,34,48.2,64.3,35.7,52.7,10.1,31.2,9.8,16.1,16.1,42.6,50.0,50.0,80.5,19.5,58.6,41.4,2017
Minnesota Timberwolves,82,47,35,48.3,73.9,26.1,60.3,15.3,22.0,8.8,17.7,16.2,44.9,48.7,51.3,82.5,17.5,55.3,44.7,2017
San Antonio Spurs,82,47,35,48.1,71.8,28.2,59.5,16.9,24.8,10.0,15.7,15.9,42.6,49.6,50.4,89.7,10.3,58.3,41.7,2017
Denver Nuggets,82,46,36,48.5,64.3,35.7,53.2,8.6,31.3,12.2,15.6,15.4,44.5,52.6,47.4,84.8,15.2,61.7,38.3,2017
Miami Heat,82,44,38,48.6,64.2,35.8,53.8,10.4,31.9,9.0,14.3,15.9,43.4,45.7,54.3,90.8,9.2,58.5,41.5,2017
Milwaukee Bucks,82,44,38,48.4,70.3,29.7,58.2,13.7,24.7,13.8,17.2,17.2,44.5,50.1,49.9,88.3,11.7,58.5,41.5,2017
Washington Wizards,82,43,39,48.4,69.0,31.0,56.3,16.7,27.9,10.9,15.8,16.2,39.6,54.8,45.2,88.0,12.0,63.1,36.9,2017
LA Clippers,82,42,40,48.1,68.6,31.4,56.5,8.6,26.1,12.2,17.4,14.5,47.9,50.2,49.8,72.6,27.4,55.5,44.5,2017
Detroit Pistons,82,39,43,48.3,66.7,33.3,54.6,12.6,31.2,10.4,14.2,16.0,42.0,46.5,53.5,88.9,11.1,58.2,41.8,2017
Charlotte Hornets,82,36,46,48.2,68.6,31.4,53.5,13.1,27.9,8.6,18.7,14.9,40.4,48.3,51.7,75.6,24.4,55.4,44.6,2017
Los Angeles Lakers,82,35,47,48.5,67.1,32.9,56.8,8.8,27.8,16.2,15.4,15.1,48.0,49.2,50.8,86.5,13.5,58.4,41.6,2017
New York Knicks,82,29,53,48.4,73.4,26.6,62.1,17.4,23.6,8.2,14.3,14.5,44.7,49.9,50.1,86.9,13.1,57.3,42.7,2017
Brooklyn Nets,82,28,54,48.4,58.9,41.1,47.9,6.8,35.7,10.0,16.3,13.3,41.1,50.7,49.3,84.4,15.6,61.9,38.1,2017
Chicago Bulls,82,27,55,48.4,65.0,35.0,53.6,13.1,32.2,11.4,14.1,14.6,40.6,51.0,49.0,84.8,15.2,60.7,39.3,2017
Sacramento Kings,82,27,55,48.2,72.2,27.8,60.2,16.2,27.3,10.6,12.4,15.4,44.0,47.7,52.3,81.7,18.3,55.6,44.4,2017
Orlando Magic,82,25,57,48.1,65.8,34.2,55.1,11.1,29.9,12.2,15.0,15.1,44.1,51.5,48.5,85.1,14.9,60.4,39.6,2017
Atlanta Hawks,82,24,58,48.1,63.7,36.3,52.2,12.3,32.5,10.0,15.3,17.2,40.0,52.0,48.0,86.8,13.2,62.2,37.8,2017
Dallas Mavericks,82,24,58,48.3,61.8,38.2,51.5,13.6,34.6,9.7,13.9,14.4,37.9,49.1,50.9,82.4,17.6,59.4,40.6,2017
Memphis Grizzlies,82,22,60,48.1,68.3,31.7,55.4,12.8,27.9,13.3,16.7,17.2,42.6,51.0,49.0,81.5,18.5,58.6,41.4,2017
Phoenix Suns,82,21,61,48.1,68.0,32.0,56.1,11.8,26.9,13.8,17.0,14.4,44.3,46.7,53.3,82.3,17.7,55.3,44.7,2017
Golden State Warriors,82,67,15,48.2,64.1,35.9,53.7,13.4,31.0,19.5,15.3,16.7,40.2,65.6,34.4,83.4,16.6,70.5,29.5,2016
San Antonio Spurs,82,61,21,48.3,71.9,28.1,57.2,19.6,26.2,11.5,16.7,16.4,37.6,52.5,47.5,87.4,12.6,60.6,39.4,2016
Houston Rockets,82,55,27,48.2,53.8,46.2,44.9,4.4,37.5,14.5,17.6,16.2,40.5,54.6,45.4,77.1,22.9,62.6,37.4,2016
Boston Celtics,82,53,29,48.2,60.7,39.3,49.3,10.6,33.4,11.5,17.3,15.1,38.7,57.0,43.0,83.7,16.3,65.3,34.7,2016
Cleveland Cavaliers,82,51,31,48.5,60.1,39.9,48.8,13.0,35.4,11.7,15.8,13.3,35.8,44.1,55.9,82.9,17.1,56.7,43.3,2016
LA Clippers,82,51,31,48.2,67.1,32.9,53.9,17.1,28.3,12.8,17.8,14.0,36.7,49.4,50.6,78.6,21.4,57.0,43.0,2016
Toronto Raptors,82,51,31,48.2,71.1,28.9,56.7,15.8,24.8,11.4,18.4,16.2,40.9,37.2,62.8,81.8,18.2,47.2,52.8,2016
Utah Jazz,82,51,31,48.2,67.3,32.7,54.3,11.8,28.7,8.1,17.0,14.6,42.5,45.4,54.6,80.0,20.0,54.4,45.6,2016
Washington Wizards,82,49,33,48.4,71.6,28.4,58.8,17.6,25.3,14.6,15.9,16.2,41.2,49.6,50.4,86.0,14.0,57.7,42.3,2016
Oklahoma City Thunder,82,47,35,48.3,70.5,29.5,58.2,11.4,23.8,15.8,18.0,14.7,46.8,46.6,53.4,77.3,22.7,53.2,46.8,2016
Atlanta Hawks,82,43,39,48.5,69.1,30.9,56.6,15.2,25.9,11.8,17.5,15.8,41.4,54.2,45.8,87.9,12.1,62.1,37.9,2016
Memphis Grizzlies,82,43,39,48.5,68.4,31.6,53.8,13.5,27.9,10.1,18.3,16.0,40.3,50.4,49.6,81.6,18.4,58.4,41.6,2016
Indiana Pacers,82,42,40,48.4,72.8,27.2,58.3,18.4,24.7,10.1,17.0,15.8,39.8,49.8,50.2,83.6,16.4,57.2,42.8,2016
Milwaukee Bucks,82,42,40,48.2,71.0,29.0,57.9,11.0,25.4,13.3,16.6,16.7,46.9,53.4,46.6,92.9,7.1,62.4,37.6,2016
Chicago Bulls,82,41,41,48.2,74.4,25.6,60.4,18.3,22.2,13.4,17.5,15.2,42.1,51.3,48.7,87.5,12.5,58.4,41.6,2016
Miami Heat,82,41,41,48.2,68.6,31.4,56.6,12.8,28.7,10.8,14.8,15.4,43.8,42.7,57.3,89.1,10.9,54.4,45.6,2016
Portland Trail Blazers,82,41,41,48.6,67.8,32.2,54.0,14.8,28.9,10.5,17.1,13.6,39.2,44.4,55.6,78.9,21.1,53.4,46.6,2016
Denver Nuggets,82,40,42,48.2,67.1,32.9,54.7,10.1,28.5,12.7,16.8,12.6,44.6,52.6,47.4,87.1,12.9,61.5,38.5,2016
Detroit Pistons,82,37,45,48.3,73.7,26.3,63.5,20.9,22.8,11.8,13.7,14.7,42.6,45.5,54.5,84.5,15.5,53.0,47.0,2016
Charlotte Hornets,82,36,46,48.4,66.5,33.5,52.8,14.7,28.7,9.0,18.5,14.2,38.0,54.5,45.5,79.5,20.5,61.1,38.9,2016
New Orleans Pelicans,82,34,48,48.5,69.2,30.8,57.1,14.8,26.9,14.4,16.0,14.0,42.3,50.3,49.7,83.5,16.5,58.2,41.8,2016
Dallas Mavericks,82,33,49,48.2,63.4,36.6,52.1,18.6,32.8,7.9,15.1,16.1,33.5,47.4,52.6,81.3,18.7,57.4,42.6,2016
Sacramento Kings,82,32,50,48.5,70.9,29.1,56.2,14.3,26.2,10.4,17.6,15.8,41.9,50.6,49.4,87.7,12.3,59.4,40.6,2016
Minnesota Timberwolves,82,31,51,48.3,75.1,24.9,60.9,17.6,20.8,12.1,18.3,15.8,43.2,53.5,46.5,88.5,11.5,60.0,40.0,2016
New York Knicks,82,31,51,48.4,72.1,27.9,59.4,20.7,24.7,10.4,15.9,13.8,38.7,46.9,53.1,84.5,15.5,55.1,44.9,2016
Orlando Magic,82,29,53,48.3,70.0,30.0,58.8,17.1,25.4,13.9,15.8,14.8,41.8,49.5,50.5,87.6,12.4,58.0,42.0,2016
Philadelphia 76ers,82,28,54,48.4,65.1,34.9,53.7,10.5,29.7,12.6,16.6,16.9,43.3,54.1,45.9,87.7,12.3,63.1,36.9,2016
Los Angeles Lakers,82,26,56,48.1,70.5,29.5,58.2,12.5,25.5,14.5,16.3,16.6,45.6,46.2,53.8,77.4,22.6,53.2,46.8,2016
Phoenix Suns,82,24,58,48.4,74.5,25.5,60.1,16.1,20.9,18.0,19.0,16.4,44.1,42.1,57.9,79.0,21.0,49.1,50.9,2016
Brooklyn Nets,82,20,62,48.2,62.9,37.1,51.3,7.9,30.3,13.2,18.4,14.2,43.4,45.4,54.6,85.1,14.9,56.6,43.4,2016
Golden State Warriors,82,73,9,48.5,63.8,36.2,51.2,12.4,34.3,18.2,14.5,14.8,38.8,62.6,37.4,80.1,19.9,68.0,32.0,2015
San Antonio Spurs,82,67,15,48.1,77.7,22.3,64.1,22.0,20.1,10.0,15.8,15.5,42.1,54.9,45.1,90.5,9.5,61.1,38.9,2015
Cleveland Cavaliers,82,57,25,48.4,64.8,35.2,53.6,14.3,30.9,11.4,15.6,15.6,39.3,48.1,51.9,86.3,13.7,58.7,41.3,2015
Toronto Raptors,82,56,26,48.2,71.3,28.7,54.6,13.6,25.2,10.7,20.2,16.3,41.0,40.0,60.0,87.0,13.0,51.1,48.9,2015
Oklahoma City Thunder,82,55,27,48.4,72.5,27.5,59.6,16.4,22.5,15.7,17.9,13.7,43.3,50.8,49.2,75.8,24.2,55.8,44.2,2015
LA Clippers,82,53,29,48.4,67.6,32.4,54.7,18.6,27.9,12.3,17.4,16.2,36.1,52.6,47.4,80.2,19.8,59.6,40.4,2015
Atlanta Hawks,82,48,34,48.4,66.4,33.6,55.8,13.6,29.0,14.3,15.2,18.0,42.2,58.2,41.8,89.6,10.4,66.3,33.7,2015
Boston Celtics,82,48,34,48.2,70.7,29.3,57.7,14.2,24.8,15.4,17.5,17.8,43.4,54.6,45.4,85.9,14.1,61.6,38.4,2015
Charlotte Hornets,82,48,34,48.4,65.2,34.8,51.0,14.7,30.9,10.7,18.1,15.4,36.3,48.2,51.8,84.2,15.8,58.6,41.4,2015
Miami Heat,82,48,34,48.4,77.9,22.1,64.7,18.2,18.2,11.1,17.1,14.8,46.4,47.0,53.0,92.8,7.2,54.3,45.7,2015
Indiana Pacers,82,45,37,48.5,73.0,27.0,59.2,19.2,23.7,13.1,17.1,18.5,40.0,48.7,51.3,80.4,19.6,55.4,44.6,2015
Detroit Pistons,82,44,38,48.5,69.7,30.3,56.7,14.1,26.6,10.9,16.7,15.1,42.7,42.2,57.8,80.3,19.7,51.2,48.8,2015
Portland Trail Blazers,82,44,38,48.3,66.8,33.2,53.4,16.3,30.1,10.2,16.5,14.0,37.2,46.9,53.1,77.2,22.8,55.2,44.8,2015
Chicago Bulls,82,42,40,48.5,75.6,24.4,60.3,20.0,23.4,10.0,16.2,13.1,40.3,51.5,48.5,88.5,11.5,59.1,40.9,2015
Dallas Mavericks,82,42,40,48.8,66.1,33.9,53.8,16.7,28.8,11.0,17.3,15.6,37.1,50.0,50.0,85.0,15.0,59.2,40.8,2015
Memphis Grizzlies,82,42,40,48.4,77.8,22.2,61.9,17.5,18.6,12.7,19.5,18.0,44.4,50.2,49.8,86.1,13.9,56.2,43.8,2015
Houston Rockets,82,41,41,48.4,63.0,37.0,50.7,7.8,30.1,17.0,19.1,17.7,42.9,50.8,49.2,79.3,20.7,58.9,41.1,2015
Washington Wizards,82,41,41,48.2,71.8,28.2,59.3,18.5,24.9,17.8,15.8,16.8,40.7,54.8,45.2,87.3,12.7,61.9,38.1,2015
Utah Jazz,82,40,42,48.7,70.3,29.7,56.5,13.8,26.0,9.5,17.5,15.9,42.7,43.4,56.6,82.3,17.7,52.6,47.4,2015
Orlando Magic,82,35,47,48.5,74.5,25.5,62.3,19.6,22.8,12.1,14.9,17.4,42.7,52.8,47.2,87.4,12.6,59.6,40.4,2015
Denver Nuggets,82,33,49,48.4,72.3,27.7,58.3,13.3,23.6,13.9,18.1,15.4,45.0,54.3,45.7,81.4,18.6,60.1,39.9,2015
Milwaukee Bucks,82,33,49,48.4,81.1,18.9,66.6,15.6,16.3,13.9,17.1,18.6,51.0,55.5,44.5,89.8,10.2,60.3,39.7,2015
Sacramento Kings,82,33,49,48.3,74.0,26.0,60.0,13.6,22.7,16.2,17.3,16.5,46.5,55.0,45.0,85.8,14.2,61.2,38.8,2015
New York Knicks,82,32,50,48.3,74.4,25.6,59.8,23.5,22.7,8.6,17.5,12.0,36.4,47.7,52.3,87.0,13.0,55.7,44.3,2015
New Orleans Pelicans,82,30,52,48.2,72.3,27.7,58.2,17.9,25.0,12.1,16.8,14.6,40.3,51.0,49.0,80.9,19.1,57.7,42.3,2015
Minnesota Timberwolves,82,29,53,48.5,79.8,20.2,62.9,19.8,16.3,13.3,20.9,16.1,43.1,57.8,42.2,85.7,14.3,61.9,38.1,2015
Phoenix Suns,82,23,59,48.1,69.8,30.2,55.9,14.9,26.8,14.3,17.3,16.4,41.1,47.0,53.0,83.2,16.8,55.8,44.2,2015
Brooklyn Nets,82,21,61,48.2,78.2,21.8,64.4,17.6,19.7,11.6,15.9,15.2,46.8,53.0,47.0,84.4,15.6,58.3,41.7,2015
Los Angeles Lakers,82,17,65,48.1,71.0,29.0,56.2,17.0,24.0,12.5,19.8,14.0,39.2,45.0,55.0,73.4,26.6,51.3,48.7,2015
Philadelphia 76ers,82,10,72,48.3,67.3,32.7,55.2,10.9,28.7,12.5,16.1,17.0,44.3,50.1,49.9,86.3,13.7,59.4,40.6,2015
Golden State Warriors,82,67,15,48.1,68.9,31.1,56.1,14.9,29.4,19.0,14.6,17.9,41.2,60.2,39.8,82.2,17.8,65.9,34.1,2014
Atlanta Hawks,82,60,22,48.1,67.9,32.1,54.8,14.4,29.2,13.0,16.0,17.9,40.4,59.1,40.9,91.8,8.2,67.6,32.4,2014
Houston Rockets,82,56,26,48.3,60.8,39.2,49.3,5.7,32.8,18.0,17.9,18.2,43.6,49.7,50.3,83.3,16.7,60.0,40.0,2014
Los Angeles Clippers,82,56,26,48.1,67.8,32.2,54.9,19.8,28.4,13.3,16.8,14.7,35.1,56.3,43.7,82.2,17.8,62.9,37.1,2014
Memphis Grizzlies,82,55,27,48.5,81.6,18.4,66.3,18.4,15.7,11.9,17.9,17.1,48.0,52.8,47.2,86.5,13.5,57.4,42.6,2014
San Antonio Spurs,82,55,27,48.7,73.1,26.9,59.8,16.2,24.0,10.6,16.2,15.6,43.6,54.4,45.6,92.0,8.0,62.3,37.7,2014
Cleveland Cavaliers,82,53,29,48.2,66.6,33.4,53.5,13.8,29.3,11.0,17.2,15.5,39.7,50.9,49.1,80.3,19.7,58.7,41.3,2014
Portland Trail Blazers,82,51,31,48.4,68.4,31.6,56.2,19.3,28.7,9.8,15.1,13.7,36.8,49.5,50.5,77.6,22.4,56.7,43.3,2014
Chicago Bulls,82,50,32,48.5,73.1,26.9,57.0,16.3,23.4,10.9,19.6,13.6,40.7,52.5,47.5,84.2,15.8,59.3,40.7,2014
Dallas Mavericks,82,50,32,48.5,70.4,29.6,58.5,17.9,25.5,15.2,16.1,18.3,40.6,48.2,51.8,85.9,14.1,56.7,43.3,2014
Toronto Raptors,82,49,33,48.4,69.8,30.2,55.9,14.5,25.5,11.5,18.6,15.7,41.3,47.6,52.4,78.2,21.8,54.7,45.3,2014
Washington Wizards,82,46,36,48.7,79.7,20.3,65.4,23.3,18.5,15.7,16.2,15.4,42.1,57.8,42.2,89.1,10.9,62.7,37.3,2014
New Orleans Pelicans,82,45,37,48.2,76.7,23.3,61.9,16.6,21.6,10.8,16.5,14.0,45.3,51.3,48.7,87.5,12.5,58.1,41.9,2014
Oklahoma City Thunder,82,45,37,48.4,73.8,26.2,59.9,16.7,22.2,16.4,17.9,14.8,43.2,46.1,53.9,79.9,20.1,52.8,47.2,2014
Milwaukee Bucks,82,41,41,48.6,77.7,22.3,63.3,19.5,20.4,15.4,16.4,19.6,43.8,57.1,42.9,88.8,11.2,62.7,37.3,2014
Boston Celtics,82,40,42,48.5,72.0,28.0,60.9,19.7,23.8,13.7,15.2,17.1,41.2,56.5,43.5,87.7,12.3,62.9,37.1,2014
Phoenix Suns,82,39,43,48.5,70.9,29.1,59.1,17.3,24.9,17.8,16.0,17.3,41.8,44.3,55.7,80.2,19.8,52.2,47.8,2014
Brooklyn Nets,82,38,44,48.6,76.0,24.0,62.9,16.9,20.2,9.6,16.9,14.6,46.0,48.8,51.2,89.1,10.9,55.9,44.1,2014
Indiana Pacers,82,38,44,48.4,74.5,25.5,59.8,21.7,23.0,9.8,17.2,14.6,38.1,51.6,48.4,85.8,14.2,58.6,41.4,2014
Utah Jazz,82,38,44,48.1,72.6,27.4,58.7,15.0,23.5,12.8,17.8,16.0,43.7,47.3,52.7,90.0,10.0,56.3,43.7,2014
Miami Heat,82,37,45,48.1,73.8,26.2,60.0,18.2,21.5,10.4,18.5,16.9,41.8,48.2,51.8,90.6,9.4,56.4,43.6,2014
Charlotte Hornets,82,33,49,48.5,77.4,22.6,62.6,23.8,19.3,9.7,18.1,14.2,38.8,52.1,47.9,79.3,20.7,56.8,43.2,2014
Detroit Pistons,82,32,50,48.4,71.0,29.0,57.9,12.5,26.1,13.6,16.0,16.1,45.4,51.2,48.8,81.5,18.5,58.2,41.8,2014
Denver Nuggets,82,30,52,48.5,71.6,28.4,58.6,14.4,23.8,14.8,17.6,16.7,44.3,50.6,49.4,83.9,16.1,57.7,42.3,2014
Sacramento Kings,82,29,53,48.4,79.6,20.4,61.3,16.8,16.6,14.7,22.0,15.1,44.5,50.3,49.7,83.7,16.3,55.4,44.6,2014
Orlando Magic,82,25,57,48.2,76.5,23.5,64.3,17.1,21.2,11.8,14.5,17.1,47.2,48.0,52.0,86.8,13.2,55.0,45.0,2014
Los Angeles Lakers,82,21,61,48.6,78.0,22.0,62.5,21.8,19.8,12.4,17.8,14.7,40.7,52.7,47.3,72.7,27.3,56.2,43.8,2014
Philadelphia 76ers,82,18,64,48.3,68.1,31.9,55.0,10.6,27.5,16.0,17.5,18.7,44.4,52.0,48.0,87.4,12.6,60.9,39.1,2014
New York Knicks,82,17,65,48.4,76.0,24.0,61.6,25.3,22.3,9.1,16.1,15.9,36.3,55.0,45.0,83.6,16.4,60.6,39.4,2014
Minnesota Timberwolves,82,16,66,48.3,82.1,17.9,64.4,22.1,15.2,13.2,20.4,17.8,42.3,55.7,44.3,82.5,17.5,59.3,40.7,2014
San Antonio Spurs,82,62,20,48.2,74.3,25.7,60.8,17.2,24.2,12.6,14.9,15.6,43.6,55.4,44.6,87.2,12.8,62.1,37.9,2013
Oklahoma City Thunder,82,59,23,48.3,72.9,27.1,58.1,18.4,22.9,15.3,19.0,16.7,39.7,52.1,47.9,71.5,28.5,56.2,43.8,2013
Los Angeles Clippers,82,57,25,48.2,70.9,29.1,56.8,17.9,23.5,17.3,19.7,18.0,38.9,56.8,43.2,84.7,15.3,62.8,37.2,2013
Indiana Pacers,82,56,26,48.2,76.5,23.5,60.5,20.8,20.8,9.9,18.7,16.1,39.7,49.8,50.2,83.1,16.9,56.0,44.0,2013
Houston Rockets,82,54,28,48.4,67.0,33.0,53.0,5.7,26.5,17.1,20.5,15.0,47.3,47.2,52.8,83.4,16.6,56.3,43.7,2013
Miami Heat,82,54,28,48.5,70.8,29.2,59.1,14.9,23.8,12.9,17.1,18.9,44.2,50.9,49.1,88.0,12.0,58.8,41.2,2013
Portland Trail Blazers,82,54,28,48.4,71.0,29.0,55.7,20.4,26.4,10.2,17.9,13.0,35.3,52.3,47.7,81.7,18.3,59.4,40.6,2013
Golden State Warriors,82,51,31,48.4,70.9,29.1,57.6,15.9,27.2,14.5,15.2,16.4,41.7,53.9,46.1,75.5,24.5,59.1,40.9,2013
Memphis Grizzlies,82,50,32,48.3,82.9,17.1,68.9,19.4,15.4,11.0,15.7,16.9,49.5,52.6,47.4,89.4,10.6,57.4,42.6,2013
Dallas Mavericks,82,49,33,48.4,72.6,27.4,58.8,18.9,25.2,11.7,16.0,16.4,39.9,52.0,48.0,86.1,13.9,59.6,40.4,2013
Chicago Bulls,82,48,34,48.6,77.8,22.2,60.8,21.0,19.8,10.5,19.3,16.4,39.8,61.1,38.9,85.4,14.6,65.4,34.6,2013
Phoenix Suns,82,48,34,48.2,70.0,30.0,55.8,15.7,26.6,17.8,17.6,16.8,40.1,38.8,61.2,82.4,17.6,49.3,50.7,2013
Toronto Raptors,82,48,34,48.7,71.5,28.5,54.9,16.5,25.8,9.5,19.4,16.6,38.4,50.1,49.9,83.5,16.5,58.1,41.9,2013
Brooklyn Nets,82,44,38,48.5,69.9,30.1,55.0,16.0,26.3,9.4,18.7,18.9,39.0,49.1,50.9,88.0,12.0,58.5,41.5,2013
Washington Wizards,82,44,38,48.9,75.4,24.6,61.3,20.3,23.5,15.6,15.2,18.1,41.0,52.5,47.5,90.0,10.0,60.1,39.9,2013
Charlotte Bobcats,82,43,39,48.5,78.1,21.9,61.9,20.2,19.5,10.5,18.6,14.8,41.7,53.9,46.1,87.4,12.6,59.7,40.3,2013
Minnesota Timberwolves,82,40,42,48.4,75.5,24.5,59.1,14.8,20.5,15.0,20.4,17.6,44.3,56.4,43.6,83.8,16.2,61.6,38.4,2013
Atlanta Hawks,82,38,44,48.4,68.4,31.6,55.4,14.7,27.8,13.7,16.8,17.2,40.6,59.8,40.2,87.2,12.8,66.7,33.3,2013
New York Knicks,82,37,45,48.4,69.8,30.2,56.1,22.1,28.2,9.1,15.7,17.0,34.0,45.0,55.0,81.8,18.2,54.2,45.8,2013
Denver Nuggets,82,36,46,48.2,72.2,27.8,57.1,12.8,24.6,15.0,18.3,15.8,44.4,51.8,48.2,81.5,18.5,58.4,41.6,2013
New Orleans Pelicans,82,34,48,48.4,80.7,19.3,64.0,18.3,17.8,13.3,18.2,16.8,45.6,50.6,49.4,86.6,13.4,56.3,43.7,2013
Cleveland Cavaliers,82,33,49,48.6,76.4,23.6,60.9,20.9,21.8,10.9,17.4,15.3,40.0,51.3,48.7,82.2,17.8,57.2,42.8,2013
Detroit Pistons,82,29,53,48.2,77.8,22.2,64.6,13.2,18.4,16.7,17.1,17.9,51.3,49.3,50.7,77.9,22.1,53.9,46.1,2013
Sacramento Kings,82,28,54,48.4,78.2,21.8,61.5,17.8,17.9,13.0,20.6,15.0,43.8,46.3,53.7,76.2,23.8,51.1,48.9,2013
Los Angeles Lakers,82,27,55,48.1,70.9,29.1,56.0,16.2,27.5,14.8,16.5,15.5,39.9,56.9,43.1,85.4,14.6,63.9,36.1,2013
Boston Celtics,82,25,57,48.1,74.9,25.1,61.4,22.1,21.9,12.5,16.8,16.5,39.3,51.1,48.9,85.2,14.8,57.6,42.4,2013
Utah Jazz,82,25,57,48.2,76.3,23.7,61.8,18.1,20.9,13.0,17.3,14.5,43.7,48.6,51.4,91.0,9.0,56.4,43.6,2013
Orlando Magic,82,23,59,48.7,76.5,23.5,62.1,22.6,21.3,11.7,16.5,15.3,39.5,52.3,47.7,78.3,21.7,57.1,42.9,2013
Philadelphia 76ers,82,19,63,48.4,74.2,25.8,62.1,12.3,21.2,17.5,16.7,18.7,49.8,50.7,49.3,88.0,12.0,57.6,42.4,2013
Milwaukee Bucks,82,15,67,48.5,76.9,23.1,61.4,18.3,21.0,13.3,17.6,16.9,43.1,54.7,45.3,81.2,18.8,59.6,40.4,2013
Miami Heat,82,66,16,48.5,71.5,28.5,57.6,17.3,25.5,11.6,16.9,18.1,40.3,52.2,47.8,86.6,13.4,60.0,40.0,2012
Oklahoma City Thunder,82,60,22,48.4,75.6,24.4,58.3,18.0,20.7,15.8,21.0,17.2,40.3,49.2,50.8,85.1,14.9,56.1,43.9,2012
San Antonio Spurs,82,58,24,48.5,73.6,26.4,60.3,17.0,23.5,13.3,16.2,16.9,43.3,57.2,42.8,90.5,9.5,64.1,35.9,2012
Denver Nuggets,82,57,25,48.5,78.3,21.7,64.8,10.1,18.0,19.0,17.3,18.7,54.7,55.1,44.9,86.2,13.8,60.0,40.0,2012
Los Angeles Clippers,82,56,26,48.1,73.5,26.5,61.1,16.7,22.7,15.5,16.2,19.4,44.4,55.6,44.4,87.7,12.3,62.0,38.0,2012
Memphis Grizzlies,82,56,26,48.3,83.4,16.6,67.4,21.3,15.0,13.4,17.6,18.6,46.1,53.3,46.7,88.5,11.5,57.9,42.1,2012
New York Knicks,82,54,28,48.1,64.6,35.4,51.4,17.6,32.6,8.8,16.0,17.8,33.7,39.8,60.2,83.3,16.7,52.7,47.3,2012
Brooklyn Nets,82,49,33,48.4,73.1,26.9,58.3,15.5,23.7,9.3,18.0,16.4,42.7,48.4,51.6,87.1,12.9,56.7,43.3,2012
Indiana Pacers,81,49,32,48.4,75.5,24.5,59.7,17.6,21.7,12.4,18.6,16.0,42.1,51.3,48.7,84.7,15.3,57.8,42.2,2012
Golden State Warriors,82,47,35,48.3,76.1,23.9,59.6,21.7,23.8,14.6,16.6,13.8,37.9,54.2,45.8,76.9,23.1,58.9,41.1,2012
Chicago Bulls,82,45,37,48.4,81.1,18.9,64.9,22.2,17.5,10.9,17.6,16.1,42.7,61.0,39.0,83.9,16.1,64.5,35.5,2012
Houston Rockets,82,45,37,48.2,65.1,34.9,52.0,8.3,29.9,17.6,18.1,17.0,43.6,52.0,48.0,84.1,15.9,60.9,39.1,2012
Los Angeles Lakers,82,45,37,48.2,69.7,30.3,55.5,14.4,25.6,10.0,18.9,15.2,41.1,51.8,48.2,85.9,14.1,59.8,40.2,2012
Atlanta Hawks,82,44,38,48.4,71.4,28.6,59.2,17.2,26.4,18.1,14.4,17.4,42.1,58.5,41.5,87.4,12.6,65.1,34.9,2012
Utah Jazz,82,43,39,48.5,79.4,20.6,63.2,19.4,18.9,14.5,17.9,17.8,43.8,55.4,44.6,89.3,10.7,61.0,39.0,2012
Boston Celtics,81,41,40,49.0,78.5,21.5,64.0,24.6,19.1,13.8,16.9,17.3,39.4,55.5,44.5,91.4,8.6,61.4,38.6,2012
Dallas Mavericks,82,41,41,48.7,76.4,23.6,62.1,22.1,21.9,16.0,16.0,16.0,40.1,53.8,46.2,86.0,14.0,59.9,40.1,2012
Milwaukee Bucks,82,38,44,48.4,76.8,23.2,62.3,19.1,22.2,13.5,15.4,18.1,43.2,54.8,45.2,81.7,18.3,60.0,40.0,2012
Philadelphia 76ers,82,34,48,48.2,79.1,20.9,66.5,24.8,20.3,13.7,13.1,17.5,41.8,56.0,44.0,85.5,14.5,61.0,39.0,2012
Toronto Raptors,82,34,48,48.7,75.1,24.9,60.4,20.8,21.5,10.2,18.1,17.4,39.6,54.1,45.9,80.9,19.1,59.2,40.8,2012
Portland Trail Blazers,82,33,49,48.4,71.6,28.4,58.4,20.1,25.3,10.2,16.3,15.5,38.3,52.9,47.1,81.6,18.4,59.3,40.7,2012
Minnesota Timberwolves,82,31,51,48.1,78.0,22.0,63.5,20.7,17.2,12.9,19.3,18.9,42.8,59.2,40.8,79.8,20.2,62.4,37.6,2012
Detroit Pistons,82,29,53,48.3,78.3,21.7,63.4,14.3,19.8,14.6,16.8,16.2,49.1,51.4,48.6,92.6,7.4,58.5,41.5,2012
Washington Wizards,82,29,53,48.4,77.7,22.3,61.9,22.6,21.4,15.2,16.7,16.7,39.3,54.3,45.7,90.1,9.9,61.0,39.0,2012
Sacramento Kings,82,28,54,48.4,75.7,24.3,60.3,14.6,22.3,16.8,17.5,16.3,45.6,49.1,50.9,80.7,19.3,55.3,44.7,2012
New Orleans Hornets,82,27,55,48.2,77.6,22.4,62.7,17.6,20.8,10.3,16.5,15.7,45.1,52.1,47.9,85.8,14.2,58.2,41.8,2012
Phoenix Suns,82,25,57,48.3,79.0,21.0,66.1,23.7,18.4,14.1,15.4,16.9,42.5,56.4,43.6,83.1,16.9,60.6,39.4,2012
Cleveland Cavaliers,82,24,58,48.1,77.1,22.9,61.8,20.6,20.7,10.5,17.4,17.5,41.2,50.9,49.1,82.1,17.9,56.6,43.4,2012
Charlotte Bobcats,82,21,61,48.3,79.0,21.0,61.5,20.1,18.4,16.8,20.2,15.5,41.3,50.7,49.3,83.8,16.2,56.2,43.8,2012
Orlando Magic,82,20,62,48.2,77.7,22.3,67.0,20.7,19.7,10.6,13.3,14.9,46.4,56.3,43.7,82.0,18.0,60.5,39.5,2012
Chicago Bulls,66,50,16,48.3,79.5,20.5,64.4,22.9,19.8,14.1,15.8,15.4,41.5,58.1,41.9,80.7,19.3,61.9,38.1,2011
San Antonio Spurs,66,50,16,48.3,74.3,25.7,60.2,16.5,24.2,13.2,15.6,15.4,43.6,50.8,49.2,87.3,12.7,58.5,41.5,2011
Oklahoma City Thunder,66,47,19,48.5,74.8,25.2,58.5,17.9,20.8,15.6,20.7,15.6,40.6,41.9,58.1,82.8,17.2,49.7,50.3,2011
Miami Heat,66,46,20,48.6,80.2,19.8,63.9,20.7,17.1,13.9,19.0,20.0,43.2,48.5,51.5,84.1,15.9,53.8,46.2,2011
Indiana Pacers,66,42,24,48.5,80.2,19.8,60.8,18.7,18.2,13.4,20.9,16.8,42.2,45.5,54.5,85.5,14.5,52.2,47.8,2011
Los Angeles Lakers,66,41,25,48.7,79.1,20.9,64.4,20.6,16.9,9.6,18.7,12.8,43.7,57.5,42.5,82.0,18.0,61.1,38.9,2011
Memphis Grizzlies,66,41,25,48.3,84.3,15.7,68.5,21.0,13.3,16.5,18.2,20.8,47.5,49.1,50.9,85.2,14.8,53.2,46.8,2011
Atlanta Hawks,66,40,26,49.0,75.1,24.9,60.8,19.5,23.2,16.4,16.1,17.7,41.3,53.2,46.8,91.5,8.5,61.0,39.0,2011
Los Angeles Clippers,66,40,26,48.4,73.1,26.9,59.8,19.7,24.0,11.3,16.2,17.9,40.1,50.0,50.0,82.3,17.7,56.8,43.2,2011
Boston Celtics,66,39,27,48.3,80.6,19.4,65.3,27.2,18.0,13.1,16.8,17.7,38.1,62.0,38.0,90.9,9.1,66.5,33.5,2011
Denver Nuggets,66,38,28,48.6,75.7,24.3,62.2,10.9,19.0,19.0,18.8,18.1,51.3,55.3,44.7,92.0,8.0,61.5,38.5,2011
Orlando Magic,66,37,29,48.4,65.4,34.6,51.6,12.0,32.3,10.4,16.0,16.0,39.7,47.4,52.6,83.6,16.4,58.1,41.9,2011
Dallas Mavericks,66,36,30,48.7,72.9,27.1,60.1,21.2,23.6,12.5,16.3,17.7,39.0,50.9,49.1,82.9,17.1,57.5,42.5,2011
New York Knicks,66,36,30,48.3,71.2,28.8,57.2,15.9,24.0,12.6,18.8,19.2,41.3,47.7,52.3,86.5,13.5,56.2,43.8,2011
Utah Jazz,66,36,30,49.0,84.7,15.3,68.4,18.5,12.5,16.9,19.1,16.7,50.0,52.9,47.1,90.8,9.2,57.0,43.0,2011
Philadelphia 76ers,66,35,31,48.2,82.5,17.5,68.7,27.2,16.9,16.4,14.4,17.4,41.5,55.3,44.7,79.9,20.1,58.8,41.2,2011
Houston Rockets,66,34,32,48.7,76.0,24.0,62.1,20.4,22.2,13.9,15.7,17.2,41.7,50.4,49.6,81.6,18.4,56.4,43.6,2011
Phoenix Suns,66,33,33,48.0,76.2,23.8,63.2,22.1,20.5,12.9,16.3,15.3,41.1,54.9,45.1,81.1,18.9,59.6,40.4,2011
Milwaukee Bucks,66,31,35,48.1,77.6,22.4,63.2,21.2,20.0,14.2,16.8,18.4,42.0,57.8,42.2,81.7,18.3,62.0,38.0,2011
Portland Trail Blazers,66,28,38,48.4,74.5,25.5,60.0,19.9,22.4,11.2,17.7,16.4,40.1,48.3,51.7,87.9,12.1,56.2,43.8,2011
Minnesota Timberwolves,66,26,40,48.3,73.8,26.2,58.2,16.6,22.0,10.6,19.8,14.4,41.7,47.4,52.6,84.1,15.9,54.8,45.2,2011
Detroit Pistons,66,25,41,48.4,82.5,17.5,65.8,20.2,15.9,14.8,18.3,17.3,45.6,48.8,51.2,84.9,15.1,53.8,46.2,2011
Golden State Warriors,66,23,43,48.2,75.2,24.8,60.9,22.0,24.4,13.3,14.7,16.5,38.9,51.6,48.4,87.0,13.0,59.1,40.9,2011
Toronto Raptors,66,23,43,48.4,79.1,20.9,63.6,22.8,18.3,10.7,18.1,16.6,40.8,56.2,43.8,85.8,14.2,60.9,39.1,2011
New Jersey Nets,66,22,44,48.2,72.2,27.8,57.1,21.2,24.8,11.9,18.1,17.2,36.0,51.9,48.1,78.9,21.1,58.0,42.0,2011
Sacramento Kings,66,22,44,48.2,77.2,22.8,63.8,14.7,18.9,18.9,17.3,18.2,49.1,45.6,54.4,78.3,21.7,51.0,49.0,2011
Cleveland Cavaliers,66,21,45,48.4,76.3,23.8,59.3,14.2,21.5,11.3,19.2,15.6,45.1,51.6,48.4,83.6,16.4,57.9,42.1,2011
New Orleans Hornets,66,21,45,48.3,84.8,15.2,69.0,24.1,13.1,10.0,17.9,17.0,44.9,56.4,43.6,83.4,16.6,59.5,40.5,2011
Washington Wizards,66,20,46,48.1,80.4,19.6,67.0,21.0,16.7,19.2,16.3,18.6,46.0,46.7,53.3,85.8,14.2,52.3,47.7,2011
Charlotte Bobcats,66,7,59,48.2,83.1,16.9,67.3,26.8,13.7,14.7,19.0,16.4,40.5,58.4,41.6,75.7,24.3,60.5,39.5,2011
Chicago Bulls,82,62,20,48.4,78.5,21.5,62.6,20.1,19.0,13.7,18.4,16.1,42.5,54.8,45.2,86.3,13.7,60.1,39.9,2010
San Antonio Spurs,82,61,21,48.2,73.9,26.1,57.9,17.1,24.2,14.7,17.9,15.3,40.8,50.7,49.3,85.8,14.2,58.3,41.7,2010
Miami Heat,82,58,24,48.2,76.5,23.5,59.4,22.2,19.6,13.9,21.0,15.7,37.2,47.9,52.1,81.9,18.1,54.1,45.9,2010
Dallas Mavericks,82,57,25,48.1,72.6,27.4,59.0,21.9,23.5,14.8,17.5,15.2,37.1,56.5,43.5,90.5,9.5,63.7,36.3,2010
Los Angeles Lakers,82,57,25,48.4,78.0,22.0,62.6,18.7,18.9,11.4,18.5,15.0,43.9,52.7,47.3,81.9,18.1,57.6,42.4,2010
Boston Celtics,82,56,26,48.2,82.0,18.0,66.1,23.1,15.5,13.0,18.4,16.7,43.0,59.7,40.3,88.2,11.8,63.5,36.5,2010
Oklahoma City Thunder,82,55,27,48.8,78.8,21.2,60.0,19.3,17.0,15.4,23.0,16.2,40.7,48.8,51.2,84.8,15.2,54.5,45.5,2010
Orlando Magic,82,52,30,48.4,67.2,32.8,53.7,16.2,28.4,11.3,17.9,15.2,37.5,45.4,54.6,83.5,16.5,55.3,44.7,2010
Denver Nuggets,82,50,32,48.1,74.2,25.8,56.4,15.1,22.5,13.1,21.1,15.1,41.3,49.7,50.3,87.5,12.5,57.6,42.4,2010
Portland Trail Blazers,82,48,34,48.3,77.2,22.8,61.6,19.5,19.7,10.5,18.7,18.1,42.1,51.5,48.5,93.4,6.6,58.8,41.2,2010
Memphis Grizzlies,82,46,36,48.5,86.4,13.6,70.6,19.1,11.3,16.6,18.1,19.5,51.4,48.8,51.2,90.6,9.4,52.8,47.2,2010
New Orleans Hornets,82,46,36,48.4,80.8,19.2,64.2,24.6,17.1,11.8,18.7,17.2,39.6,52.3,47.7,86.3,13.7,57.4,42.6,2010
Atlanta Hawks,82,44,38,48.1,77.8,22.2,63.4,24.5,19.3,15.0,17.3,15.0,38.9,55.0,45.0,88.2,11.8,60.7,39.3,2010
Houston Rockets,82,43,39,48.5,73.6,26.4,57.4,16.9,23.4,14.2,19.2,16.1,40.6,55.3,44.7,85.1,14.9,61.7,38.3,2010
New York Knicks,82,42,40,48.2,69.7,30.3,54.4,16.0,26.3,12.5,19.3,16.7,38.4,47.5,52.5,82.1,17.9,56.0,44.0,2010
Philadelphia 76ers,82,41,41,48.6,81.6,18.4,66.1,24.3,16.4,17.8,17.6,16.6,41.8,55.7,44.3,83.1,16.9,59.6,40.4,2010
Phoenix Suns,82,40,42,48.8,72.9,27.1,58.5,18.7,24.4,13.2,17.1,15.1,39.8,53.1,46.9,86.9,13.1,60.4,39.6,2010
Utah Jazz,82,39,43,48.5,80.9,19.1,64.5,20.9,16.0,14.1,19.5,16.0,43.6,58.8,41.2,86.2,13.8,62.7,37.3,2010
Indiana Pacers,82,37,45,48.2,75.6,24.4,59.1,20.6,21.4,13.9,19.5,15.4,38.5,45.0,55.0,89.2,10.8,53.6,46.4,2010
Golden State Warriors,82,36,46,48.4,75.2,24.8,60.5,19.3,24.2,18.2,15.2,18.9,41.2,48.9,51.1,86.6,13.4,56.8,43.2,2010
Milwaukee Bucks,82,35,47,48.4,78.4,21.6,61.9,23.0,19.2,10.9,18.9,18.1,38.8,48.0,52.0,88.2,11.8,54.9,45.1,2010
Charlotte Bobcats,82,34,48,48.3,81.1,18.9,64.8,20.8,15.4,12.8,19.8,15.9,44.1,56.0,44.0,86.0,14.0,60.1,39.9,2010
Los Angeles Clippers,82,32,50,48.4,77.0,23.0,61.9,15.7,19.0,14.8,19.1,16.5,46.2,54.8,45.2,86.4,13.6,60.1,39.9,2010
Detroit Pistons,82,30,52,48.5,81.1,18.9,65.0,23.1,17.8,13.5,17.2,17.0,41.9,50.7,49.3,89.2,10.8,56.6,43.4,2010
New Jersey Nets,82,24,58,48.8,79.9,20.1,63.7,22.3,17.8,12.0,18.5,14.2,41.4,55.0,45.0,80.8,19.2,59.0,41.0,2010
Sacramento Kings,82,24,58,48.4,81.7,18.3,66.4,21.1,15.8,15.4,17.9,17.1,45.3,48.0,52.0,87.9,12.1,53.4,46.6,2010
Washington Wizards,82,23,59,48.6,82.8,17.2,66.6,23.8,14.7,16.9,18.7,17.5,42.7,46.8,53.2,89.0,11.0,52.2,47.8,2010
Toronto Raptors,82,22,60,48.2,83.8,16.2,68.9,23.3,12.7,18.2,18.4,16.0,45.6,53.4,46.6,87.2,12.8,57.1,42.9,2010
Cleveland Cavaliers,82,19,63,48.2,77.6,22.4,60.7,18.4,19.5,14.8,19.8,14.8,42.3,54.2,45.8,84.7,15.3,59.6,40.4,2010
Minnesota Timberwolves,82,17,65,48.2,77.7,22.3,60.4,20.2,21.3,11.8,18.3,16.2,40.1,47.6,52.4,77.9,22.1,53.4,46.6,2010
Cleveland Cavaliers,82,61,21,48.2,75.2,24.8,59.7,16.6,21.6,13.7,18.7,15.1,43.1,55.1,44.9,76.2,23.8,59.2,40.8,2009
Orlando Magic,82,59,23,48.1,65.0,35.0,51.4,13.7,29.9,11.8,18.7,13.9,37.7,42.1,57.9,83.7,16.3,53.7,46.3,2009
Los Angeles Lakers,82,57,25,48.4,77.3,22.7,62.6,19.6,19.1,11.1,18.2,16.0,43.0,49.7,50.3,81.2,18.8,55.0,45.0,2009
Dallas Mavericks,82,55,27,48.5,77.8,22.2,61.7,24.5,20.0,15.7,18.2,16.1,37.2,55.6,44.4,86.4,13.6,61.1,38.9,2009
Phoenix Suns,82,54,28,48.1,73.9,26.1,57.7,16.6,24.2,14.5,18.0,13.3,41.2,50.9,49.1,80.1,19.9,57.3,42.7,2009
Atlanta Hawks,82,53,29,48.4,78.6,21.4,63.7,19.9,18.9,15.9,17.4,16.5,43.8,51.0,49.0,82.8,17.2,56.2,43.8,2009
Denver Nuggets,82,53,29,48.2,77.3,22.7,59.1,18.6,18.7,14.2,22.2,16.9,40.5,50.3,49.7,77.2,22.8,55.0,45.0,2009
Utah Jazz,82,53,29,48.2,81.6,18.4,65.2,18.6,15.4,14.7,19.4,17.6,46.6,65.2,34.8,84.1,15.9,67.8,32.2,2009
Boston Celtics,82,50,32,48.2,77.2,22.8,62.4,18.0,18.4,14.4,19.2,17.5,44.5,58.5,41.5,89.0,11.0,63.5,36.5,2009
Oklahoma City Thunder,82,50,32,48.3,81.5,18.5,63.6,21.2,15.1,15.5,21.4,17.7,42.4,48.0,52.0,88.3,11.7,53.5,46.5,2009
Portland Trail Blazers,82,50,32,48.4,78.5,21.5,61.7,24.5,18.3,9.6,20.0,16.6,37.2,49.4,50.6,91.0,9.0,56.3,43.7,2009
San Antonio Spurs,82,50,32,48.2,76.8,23.2,62.5,19.7,20.0,12.4,17.5,14.5,42.7,51.4,48.6,89.2,10.8,58.1,41.9,2009
Miami Heat,82,47,35,48.5,78.1,21.9,62.9,24.6,18.7,10.0,18.3,16.8,38.3,46.1,53.9,81.0,19.0,51.9,48.1,2009
Milwaukee Bucks,82,46,36,48.7,74.1,25.9,60.1,22.2,24.2,10.8,15.8,16.7,37.9,49.5,50.5,85.1,14.9,57.0,43.0,2009
Charlotte Bobcats,82,44,38,48.5,78.9,21.1,61.4,16.1,17.7,14.9,21.0,18.5,45.3,52.6,47.4,86.1,13.9,58.0,42.0,2009
Houston Rockets,82,42,40,48.5,73.5,26.5,58.3,15.3,23.1,14.3,18.6,16.5,43.0,50.7,49.3,85.0,15.0,57.9,42.1,2009
Chicago Bulls,82,41,41,48.5,84.4,15.6,68.3,26.7,13.2,14.5,18.5,14.7,41.5,51.0,49.0,88.4,11.6,55.3,44.7,2009
Memphis Grizzlies,82,40,42,48.5,85.2,14.8,68.5,18.4,12.3,17.2,19.2,16.7,50.1,43.3,56.7,86.0,14.0,47.9,52.1,2009
Toronto Raptors,82,40,42,48.2,78.9,21.1,62.8,22.2,18.2,14.2,19.0,14.9,40.6,51.0,49.0,84.2,15.8,56.4,43.6,2009
New Orleans Hornets,82,37,45,48.4,77.0,23.0,63.4,20.8,20.8,15.0,15.7,16.9,42.6,52.0,48.0,82.8,17.2,57.5,42.5,2009
Indiana Pacers,82,32,50,48.1,72.2,27.8,57.1,19.3,23.9,13.1,18.9,15.7,37.9,47.4,52.6,92.6,7.4,57.3,42.7,2009
Los Angeles Clippers,82,29,53,48.1,77.9,22.1,64.2,20.4,18.5,13.4,17.4,14.6,43.8,56.3,43.7,81.4,18.6,60.3,39.7,2009
New York Knicks,82,29,53,48.5,68.8,31.2,56.9,17.6,26.6,9.7,16.4,15.3,39.4,47.9,52.1,84.9,15.1,56.7,43.3,2009
Detroit Pistons,82,27,55,48.2,82.0,18.0,66.6,25.8,14.6,13.7,18.9,18.1,40.8,49.0,51.0,89.0,11.0,54.1,45.9,2009
Philadelphia 76ers,82,27,55,48.3,79.4,20.6,65.2,22.5,17.7,19.3,17.0,16.6,42.7,50.2,49.8,86.5,13.5,55.8,44.2,2009
Golden State Warriors,82,26,56,48.1,76.2,23.8,60.4,22.2,21.3,21.8,18.3,19.5,38.2,48.1,51.9,85.8,14.2,55.2,44.8,2009
Washington Wizards,82,26,56,48.4,81.7,18.3,65.3,26.0,16.4,11.2,18.3,15.5,39.3,47.4,52.6,77.5,22.5,51.8,48.2,2009
Sacramento Kings,82,25,57,48.5,79.9,20.1,64.9,20.2,17.6,15.0,17.4,16.2,44.8,47.1,52.9,88.2,11.8,53.4,46.6,2009
Minnesota Timberwolves,82,15,67,48.2,82.9,17.1,67.1,22.8,15.0,15.4,17.8,15.9,44.4,47.5,52.5,84.6,15.4,52.4,47.6,2009
New Jersey Nets,82,12,70,48.2,81.9,18.1,64.3,20.8,14.9,14.0,20.8,16.2,43.5,49.6,50.4,88.1,11.9,54.7,45.3,2009
Cleveland Cavaliers,82,66,16,48.2,74.1,25.9,57.5,22.0,23.9,11.4,18.5,17.2,35.6,48.4,51.6,79.0,21.0,55.0,45.0,2008
Los Angeles Lakers,82,65,17,48.2,78.3,21.7,63.0,19.0,18.7,11.5,18.3,17.6,43.9,52.2,47.8,85.4,14.6,57.7,42.3,2008
Boston Celtics,82,62,20,48.5,78.6,21.4,61.3,19.9,19.5,11.6,19.2,17.1,41.4,54.1,45.9,91.1,8.9,60.6,39.4,2008
Orlando Magic,82,59,23,48.1,66.5,33.5,51.0,15.5,29.6,11.4,19.4,14.2,35.5,41.7,58.3,87.1,12.9,54.4,45.6,2008
Denver Nuggets,82,54,28,48.1,77.3,22.7,58.7,16.6,19.2,16.1,22.1,17.3,42.1,55.5,44.5,77.7,22.3,59.5,40.5,2008
Portland Trail Blazers,82,54,28,48.4,76.1,23.9,59.4,20.5,21.9,9.2,18.7,15.8,38.9,46.7,53.3,90.1,9.9,55.2,44.8,2008
San Antonio Spurs,82,54,28,48.5,75.2,24.8,60.7,24.5,23.6,9.7,15.7,13.8,36.2,48.9,51.1,88.5,11.5,57.1,42.9,2008
Houston Rockets,82,53,29,48.3,74.6,25.4,57.9,17.2,23.1,8.9,19.0,13.8,40.7,49.2,50.8,82.4,17.6,56.2,43.8,2008
Dallas Mavericks,82,50,32,48.3,75.9,24.1,61.3,26.7,20.5,14.9,18.2,15.1,34.6,50.6,49.4,85.1,14.9,56.9,43.1,2008
New Orleans Hornets,82,49,33,48.2,76.0,24.0,59.9,20.4,21.2,10.9,18.8,15.7,39.6,47.1,52.9,89.9,10.1,55.3,44.7,2008
Utah Jazz,82,48,34,48.5,83.1,16.9,64.8,21.3,13.8,12.4,21.4,18.5,43.5,60.9,39.1,89.3,10.7,64.4,35.6,2008
Atlanta Hawks,82,47,35,48.1,74.7,25.3,58.6,18.1,22.3,15.9,19.1,15.8,40.5,48.3,51.7,86.8,13.2,56.1,43.9,2008
Phoenix Suns,82,46,36,48.2,78.4,21.6,62.8,15.4,18.5,16.1,18.7,15.2,47.5,52.0,48.0,79.6,20.4,56.5,43.5,2008
Miami Heat,82,43,39,48.7,75.5,24.5,60.8,23.1,21.7,9.8,17.5,17.6,37.7,48.5,51.5,82.6,17.4,55.1,44.9,2008
Chicago Bulls,82,41,41,48.6,81.1,18.9,62.9,25.8,17.7,14.7,19.5,16.7,37.0,50.5,49.5,81.7,18.3,55.4,44.6,2008
Philadelphia 76ers,82,41,41,48.2,83.6,16.4,66.5,20.9,12.8,18.0,20.7,18.6,45.6,51.6,48.4,80.9,19.1,55.0,45.0,2008
Detroit Pistons,82,39,43,48.5,83.5,16.5,67.4,30.8,14.6,10.5,18.0,14.2,36.6,51.0,49.0,95.5,4.5,56.7,43.3,2008
Indiana Pacers,82,36,46,48.4,75.6,24.4,59.6,20.1,22.7,12.7,17.7,14.4,39.5,45.4,54.6,93.3,6.7,55.1,44.9,2008
Charlotte Bobcats,82,35,47,48.6,78.7,21.3,61.9,19.0,19.1,10.8,19.0,18.4,42.9,53.9,46.1,93.9,6.1,60.7,39.3,2008
Milwaukee Bucks,82,34,48,48.2,79.2,20.8,61.4,23.2,18.8,11.7,19.8,18.7,38.1,53.9,46.1,89.2,10.8,59.9,40.1,2008
New Jersey Nets,82,34,48,48.4,73.5,26.5,56.5,18.6,24.3,11.3,19.2,15.5,37.9,47.8,52.2,84.2,15.8,55.9,44.1,2008
Toronto Raptors,82,33,49,48.3,80.7,19.3,63.4,28.6,17.7,9.5,18.9,15.2,34.8,54.3,45.7,91.0,9.0,60.1,39.9,2008
New York Knicks,82,32,50,48.3,67.8,32.2,54.1,14.3,28.6,10.2,17.3,16.2,39.9,44.7,55.3,84.3,15.7,55.1,44.9,2008
Golden State Warriors,82,29,53,48.5,79.1,20.9,60.2,20.5,18.5,16.9,21.3,15.2,39.7,46.8,53.2,82.7,17.3,53.0,47.0,2008
Memphis Grizzlies,82,24,58,48.3,82.5,17.5,64.1,20.3,15.5,12.7,20.4,17.6,43.8,43.3,56.7,89.2,10.8,49.7,50.3,2008
Minnesota Timberwolves,82,24,58,48.3,77.3,22.7,60.9,19.1,20.3,10.3,18.8,14.5,41.8,49.1,50.9,87.5,12.5,56.1,43.9,2008
Oklahoma City Thunder,82,23,59,48.3,85.9,14.1,67.2,23.6,12.4,15.0,20.4,15.8,43.6,51.5,48.5,87.8,12.2,55.5,44.5,2008
Los Angeles Clippers,82,19,63,48.5,77.4,22.6,62.1,19.0,20.6,11.2,17.4,14.8,43.0,52.5,47.5,84.7,15.3,58.3,41.7,2008
Washington Wizards,82,19,63,48.1,82.0,18.0,66.0,22.9,15.0,11.1,19.0,15.9,43.1,50.6,49.4,82.5,17.5,54.8,45.2,2008
Sacramento Kings,82,17,65,48.5,76.2,23.8,58.3,20.9,21.3,12.0,20.4,15.7,37.4,48.1,51.9,79.0,21.0,54.1,45.9,2008
Boston Celtics,82,66,16,48.2,75.1,24.9,58.0,19.3,21.7,11.0,20.3,18.8,38.6,54.9,45.1,87.4,12.6,61.4,38.6,2007
Detroit Pistons,82,59,23,48.1,79.7,20.3,62.9,29.7,18.3,11.8,18.9,15.9,33.1,56.6,43.4,84.2,15.8,61.1,38.9,2007
Los Angeles Lakers,82,57,25,48.2,74.3,25.7,58.1,17.8,22.3,11.4,19.6,15.8,40.3,55.4,44.6,86.3,13.7,61.7,38.3,2007
New Orleans Hornets,82,56,26,48.3,76.1,23.9,61.3,21.4,22.9,13.5,15.9,16.6,39.9,48.4,51.6,88.7,11.3,56.4,43.6,2007
San Antonio Spurs,82,56,26,48.1,74.9,25.1,59.9,22.1,22.8,9.9,17.3,15.1,37.8,49.8,50.2,92.8,7.2,58.5,41.5,2007
Houston Rockets,82,55,27,48.1,74.5,25.5,61.0,19.8,22.1,8.4,16.9,15.4,41.3,52.2,47.8,84.6,15.4,58.5,41.5,2007
Phoenix Suns,82,55,27,48.2,74.0,26.0,59.8,19.4,23.1,15.8,17.2,14.4,40.4,60.0,40.0,81.8,18.2,64.5,35.5,2007
Utah Jazz,82,54,28,48.1,83.4,16.6,65.9,21.4,14.0,10.7,20.0,17.6,44.5,62.9,37.1,88.2,11.8,66.0,34.0,2007
Orlando Magic,82,52,30,48.2,67.8,32.2,52.7,12.7,28.0,11.9,19.3,14.7,40.0,44.6,55.4,87.3,12.7,55.8,44.2,2007
Dallas Mavericks,82,51,31,48.1,78.5,21.5,61.5,26.1,18.0,14.5,20.5,14.4,35.3,50.3,49.7,90.3,9.7,56.9,43.1,2007
Denver Nuggets,82,50,32,48.4,77.2,22.8,60.3,18.2,18.8,17.2,20.8,16.3,42.1,55.1,44.9,90.7,9.3,61.2,38.8,2007
Golden State Warriors,82,48,34,48.2,70.5,29.5,58.0,14.3,25.1,20.7,16.9,18.0,43.7,45.9,54.1,81.5,18.5,53.9,46.1,2007
Cleveland Cavaliers,82,45,37,48.4,76.9,23.1,60.4,20.8,21.0,12.3,18.7,14.5,39.5,49.8,50.2,82.1,17.9,55.8,44.2,2007
Washington Wizards,82,43,39,48.5,75.9,24.1,59.5,20.0,21.3,10.4,19.2,15.7,39.5,47.4,52.6,80.5,19.5,53.8,46.2,2007
Portland Trail Blazers,82,41,41,48.5,78.2,21.8,61.3,28.7,20.6,8.2,18.1,14.8,32.6,51.6,48.4,92.0,8.0,59.0,41.0,2007
Toronto Raptors,82,41,41,48.4,78.3,21.7,62.7,28.5,20.9,7.9,16.4,16.6,34.2,54.9,45.1,94.4,5.6,62.0,38.0,2007
Philadelphia 76ers,82,40,42,48.2,85.7,14.3,69.5,22.9,11.4,18.9,19.0,18.7,46.6,51.6,48.4,83.1,16.9,54.7,45.3,2007
Sacramento Kings,82,38,44,48.4,79.2,20.8,60.3,20.7,18.2,12.5,21.6,17.3,39.6,45.1,54.9,83.3,16.7,51.5,48.5,2007
Atlanta Hawks,82,37,45,48.4,83.5,16.5,64.3,20.5,14.3,17.1,21.4,16.1,43.8,57.2,42.8,83.6,16.4,60.6,39.4,2007
Indiana Pacers,82,36,46,48.2,71.1,28.9,55.0,19.4,26.6,12.8,18.4,16.3,35.6,49.6,50.4,92.7,7.3,60.1,39.9,2007
New Jersey Nets,82,34,48,48.4,77.8,22.2,60.0,21.7,19.0,13.6,21.0,15.1,38.3,63.2,36.8,87.3,12.7,67.4,32.6,2007
Chicago Bulls,82,33,49,48.3,81.0,19.0,63.0,26.3,17.8,11.5,19.2,16.6,36.7,55.6,44.4,87.3,12.7,60.6,39.4,2007
Charlotte Bobcats,82,32,50,48.5,78.0,22.0,61.1,19.6,19.9,12.6,19.0,16.5,41.5,52.6,47.4,88.8,11.2,59.1,40.9,2007
Milwaukee Bucks,82,26,56,48.4,80.5,19.5,64.7,22.0,17.0,10.5,18.3,15.2,42.7,53.5,46.5,84.7,15.3,58.2,41.8,2007
Los Angeles Clippers,82,23,59,48.3,83.3,16.7,64.2,27.3,13.7,9.3,22.1,16.0,36.9,57.1,42.9,91.7,8.3,61.4,38.6,2007
New York Knicks,82,23,59,48.5,78.5,21.5,62.3,19.1,18.5,9.6,19.2,14.1,43.3,46.1,53.9,79.2,20.8,51.6,48.4,2007
Memphis Grizzlies,82,22,60,48.3,73.6,26.4,59.1,15.4,22.5,14.9,18.4,15.2,43.7,42.0,58.0,88.7,11.3,51.4,48.6,2007
Minnesota Timberwolves,82,22,60,48.1,81.5,18.5,67.2,22.0,16.9,9.2,15.9,14.9,45.2,47.4,52.6,86.2,13.8,53.0,47.0,2007
Seattle SuperSonics,82,20,62,48.4,86.6,13.4,70.3,28.2,11.7,16.2,18.0,13.9,42.1,52.7,47.3,85.0,15.0,55.9,44.1,2007
Miami Heat,82,15,67,48.4,78.3,21.7,61.9,25.4,19.7,10.6,18.5,16.7,36.5,53.4,46.6,82.9,17.1,58.5,41.5,2007
Dallas Mavericks,82,67,15,48.2,78.2,21.8,60.4,25.0,19.6,13.4,20.1,17.0,35.3,46.9,53.1,88.0,12.0,54.2,45.8,2006
Phoenix Suns,82,61,21,48.5,71.3,28.7,57.6,17.9,26.1,15.4,16.3,15.8,39.7,55.7,44.3,85.6,14.4,62.6,37.4,2006
San Antonio Spurs,82,58,24,48.2,75.3,24.7,59.5,19.1,22.1,11.8,18.4,17.1,40.5,52.3,47.7,93.4,6.6,60.5,39.5,2006
Detroit Pistons,82,53,29,48.5,79.9,20.1,63.3,26.6,17.1,11.1,19.6,17.5,36.8,56.1,43.9,82.2,17.8,60.1,39.9,2006
Houston Rockets,82,52,30,48.4,71.0,29.0,55.4,19.0,26.6,7.6,18.1,15.7,36.4,51.8,48.2,80.0,20.0,58.6,41.4,2006
Utah Jazz,82,51,31,48.3,83.7,16.3,65.2,22.7,12.8,9.2,22.0,16.1,42.5,63.2,36.8,86.7,13.3,65.9,34.1,2006
Cleveland Cavaliers,82,50,32,48.5,78.9,21.1,62.6,21.0,18.7,12.7,18.7,17.2,41.6,51.9,48.1,84.6,15.4,57.4,42.6,2006
Chicago Bulls,82,49,33,48.2,81.4,18.6,63.4,27.2,17.8,12.4,18.9,19.3,36.1,56.2,43.8,81.0,19.0,60.1,39.9,2006
Toronto Raptors,82,47,35,48.2,77.6,22.4,61.3,25.8,19.5,12.6,19.1,16.8,35.5,53.6,46.4,90.6,9.4,60.1,39.9,2006
Denver Nuggets,82,45,37,48.2,78.8,21.2,62.0,17.8,16.8,17.7,21.1,18.4,44.3,55.0,45.0,92.4,7.6,60.7,39.3,2006
Miami Heat,82,44,38,48.4,75.5,24.5,61.6,18.7,20.4,11.4,18.0,16.4,42.9,51.4,48.6,85.6,14.4,57.6,42.4,2006
Golden State Warriors,82,42,40,48.2,72.1,27.9,58.6,14.7,24.0,19.2,17.3,19.9,44.0,52.5,47.5,86.6,13.4,59.8,40.2,2006
Los Angeles Lakers,82,42,40,48.9,74.1,25.9,58.9,18.2,21.5,9.3,19.6,16.4,40.7,53.7,46.3,83.7,16.3,59.6,40.4,2006
New Jersey Nets,82,41,41,48.5,73.7,26.3,57.6,20.0,22.8,13.6,19.6,17.1,37.5,60.9,39.1,91.6,8.4,67.4,32.6,2006
Washington Wizards,82,41,41,48.4,76.3,23.7,58.6,21.4,19.7,14.7,21.7,18.2,37.3,48.7,51.3,78.1,21.9,54.1,45.9,2006
Los Angeles Clippers,82,40,42,48.1,85.7,14.3,65.4,26.9,12.0,8.2,22.6,16.1,38.6,57.2,42.8,93.3,6.7,61.2,38.8,2006
Orlando Magic,82,40,42,48.2,84.2,15.8,65.2,19.7,13.2,14.7,21.6,17.9,45.5,48.3,51.7,88.3,11.7,53.0,47.0,2006
New Orleans/Oklahoma City Hornets,82,39,43,48.5,81.2,18.8,64.2,20.5,17.4,12.9,18.3,15.8,43.8,45.6,54.4,85.5,14.5,51.7,48.3,2006
Indiana Pacers,82,35,47,48.2,78.8,21.2,61.0,22.6,18.4,12.2,20.6,17.9,38.4,52.2,47.8,89.8,10.2,58.5,41.5,2006
Philadelphia 76ers,82,35,47,48.5,87.2,12.8,68.0,26.0,10.9,14.7,21.0,17.8,42.0,53.5,46.5,88.7,11.3,56.9,43.1,2006
Charlotte Bobcats,82,33,49,48.8,80.7,19.3,63.0,22.6,17.3,9.9,19.7,17.1,40.4,56.5,43.5,92.1,7.9,62.0,38.0,2006
New York Knicks,82,33,49,48.8,78.4,21.6,60.8,14.4,17.8,9.6,21.4,15.4,46.4,47.5,52.5,79.7,20.3,52.8,47.2,2006
Sacramento Kings,82,33,49,48.3,76.8,23.2,58.1,20.1,19.1,11.5,22.8,18.4,38.0,50.2,49.8,85.8,14.2,56.6,43.4,2006
Minnesota Timberwolves,82,32,50,48.8,83.3,16.7,66.3,29.9,14.6,9.4,19.0,16.0,36.4,57.6,42.4,89.6,10.4,61.7,38.3,2006
Portland Trail Blazers,82,32,50,48.7,80.7,19.3,63.4,22.9,16.6,6.7,20.0,16.2,40.5,46.4,53.6,88.5,11.5,52.6,47.4,2006
Seattle SuperSonics,82,31,51,48.4,78.1,21.9,62.0,19.0,19.4,11.9,18.6,16.7,43.0,50.3,49.7,81.1,18.9,55.6,44.4,2006
Atlanta Hawks,82,30,52,48.5,83.7,16.3,64.8,23.6,13.3,12.6,21.8,17.4,41.3,51.8,48.2,83.3,16.7,55.6,44.4,2006
Milwaukee Bucks,82,28,54,48.4,78.1,21.9,63.6,18.1,19.2,13.1,17.2,17.6,45.4,51.2,48.8,84.4,15.6,56.7,43.3,2006
Boston Celtics,82,24,58,48.4,80.1,19.9,60.8,20.1,18.0,12.5,21.3,18.1,40.7,49.9,50.1,93.0,7.0,57.0,43.0,2006
Memphis Grizzlies,82,22,60,48.7,78.9,21.1,60.0,18.2,18.0,14.1,22.0,16.5,41.8,50.5,49.5,83.6,16.4,56.0,44.0,2006
Detroit Pistons,82,64,18,48.4,77.9,22.1,61.1,27.8,21.0,12.4,17.9,16.3,33.3,62.9,37.1,79.7,20.3,66.1,33.9,2005
San Antonio Spurs,82,63,19,48.3,78.5,21.5,63.0,18.9,20.1,9.9,16.9,16.2,44.1,50.4,49.6,90.1,9.9,57.4,42.6,2005
Dallas Mavericks,82,60,22,48.5,82.5,17.5,62.3,24.3,15.4,13.8,22.4,16.2,38.0,43.5,56.5,89.4,10.6,50.0,50.0,2005
Phoenix Suns,82,54,28,48.7,70.7,29.3,58.4,23.8,28.3,14.8,13.4,15.7,34.5,56.9,43.1,84.0,16.0,63.5,36.5,2005
Miami Heat,82,52,30,48.2,77.3,22.7,62.1,15.6,18.2,12.9,19.7,15.3,46.5,48.5,51.5,92.4,7.6,55.7,44.3,2005
Cleveland Cavaliers,82,50,32,48.4,77.2,22.8,60.3,18.1,18.6,12.9,21.1,15.5,42.1,48.2,51.8,80.3,19.7,53.6,46.4,2005
Memphis Grizzlies,82,49,33,48.4,74.2,25.8,57.1,16.4,23.4,9.8,19.5,17.3,40.7,49.4,50.6,88.5,11.5,57.8,42.2,2005
New Jersey Nets,82,49,33,48.2,77.1,22.9,59.8,24.3,18.6,13.7,21.6,17.2,35.6,63.4,36.6,89.3,10.7,67.8,32.2,2005
Los Angeles Clippers,82,47,35,48.3,86.9,13.1,67.8,26.9,10.9,9.3,21.3,13.8,40.9,53.7,46.3,88.6,11.4,57.1,42.9,2005
Los Angeles Lakers,82,45,37,48.4,76.0,24.0,59.8,20.3,20.3,9.9,19.8,16.9,39.6,51.5,48.5,86.4,13.6,58.0,42.0,2005
Denver Nuggets,82,44,38,48.6,83.9,16.1,66.3,23.6,12.8,20.2,20.9,18.0,42.8,59.1,40.9,88.6,11.4,62.4,37.6,2005
Sacramento Kings,82,44,38,48.4,78.3,21.7,60.7,23.8,18.3,10.9,21.0,17.0,36.9,56.6,43.4,87.4,12.6,61.8,38.2,2005
Washington Wizards,82,42,40,48.4,79.1,20.9,59.5,20.2,17.9,15.2,22.7,18.3,39.2,46.3,53.7,75.7,24.3,51.2,48.8,2005
Chicago Bulls,82,41,41,48.5,78.1,21.9,60.9,24.9,20.9,9.9,18.1,16.7,36.0,55.2,44.8,81.3,18.8,60.1,39.9,2005
Indiana Pacers,82,41,41,48.1,75.5,24.5,58.4,20.8,20.9,9.1,20.7,14.8,37.6,53.1,46.9,81.5,18.5,58.5,41.5,2005
Utah Jazz,82,41,41,48.5,85.1,14.9,64.3,23.6,12.3,11.0,23.4,16.2,40.7,62.0,38.0,84.6,15.4,64.6,35.4,2005
Milwaukee Bucks,82,40,42,48.4,79.7,20.3,61.6,20.2,19.0,13.6,19.5,17.2,41.3,53.6,46.4,87.8,12.2,59.4,40.6,2005
New Orleans/Oklahoma City Hornets,82,38,44,48.3,86.2,13.8,66.5,25.8,11.8,12.9,21.7,17.3,40.7,49.7,50.3,87.3,12.7,53.7,46.3,2005
Philadelphia 76ers,82,38,44,48.5,84.2,15.8,64.5,22.0,13.8,12.2,21.7,17.4,42.5,50.2,49.8,89.1,10.9,55.1,44.9,2005
Orlando Magic,82,36,46,48.5,87.1,12.9,67.1,24.6,11.5,12.0,21.4,16.1,42.5,47.4,52.6,86.3,13.7,51.4,48.6,2005
Seattle SuperSonics,82,35,47,48.4,75.7,24.3,58.8,20.0,21.6,14.5,19.6,15.8,38.8,48.1,51.9,83.6,16.4,55.1,44.9,2005
Golden State Warriors,82,34,48,48.4,73.0,27.0,57.3,17.9,23.2,14.2,19.5,15.9,39.4,51.9,48.1,78.9,21.1,57.6,42.4,2005
Houston Rockets,82,34,48,48.4,77.4,22.6,60.6,23.0,19.0,8.8,20.3,16.2,37.6,53.1,46.9,83.2,16.8,58.3,41.7,2005
Boston Celtics,82,33,49,48.5,79.6,20.4,61.8,21.4,17.4,12.4,20.7,15.7,40.4,52.3,47.7,89.5,10.5,58.1,41.9,2005
Minnesota Timberwolves,82,33,49,48.4,85.1,14.9,68.5,30.5,12.4,11.8,19.1,16.7,38.0,57.0,43.0,79.7,20.3,59.4,40.6,2005
Toronto Raptors,82,27,55,48.7,75.6,24.4,58.0,22.9,22.0,10.8,19.9,16.1,35.2,44.9,55.1,84.2,15.8,52.9,47.1,2005
Atlanta Hawks,82,26,56,48.5,82.2,17.8,63.3,21.5,16.0,11.4,20.8,17.1,41.8,50.4,49.6,83.7,16.3,55.2,44.8,2005
Charlotte Bobcats,82,26,56,48.5,81.6,18.4,63.8,23.2,16.2,13.5,20.1,19.9,40.6,52.7,47.3,89.3,10.7,58.0,42.0,2005
New York Knicks,82,23,59,48.6,85.8,14.2,63.8,18.6,12.2,8.1,23.9,15.8,45.2,47.9,52.1,84.4,15.6,52.0,48.0,2005
Portland Trail Blazers,82,21,61,48.1,83.4,16.6,66.6,25.1,15.0,10.6,18.4,15.0,41.5,48.5,51.5,86.0,14.0,53.4,46.6,2005
Phoenix Suns,82,62,20,48.2,71.1,28.9,56.4,17.3,26.4,16.7,17.2,14.9,39.1,48.3,51.7,86.9,13.1,57.5,42.5,2004
Miami Heat,82,59,23,48.7,80.2,19.8,63.0,20.2,17.1,11.5,19.9,14.7,42.8,52.8,47.2,85.5,14.5,57.8,42.2,2004
San Antonio Spurs,82,59,23,48.3,78.4,21.6,61.3,17.4,19.3,13.3,19.5,16.8,43.9,53.6,46.4,93.7,6.3,60.6,39.4,2004
Dallas Mavericks,82,58,24,48.1,81.0,19.0,61.7,24.1,16.5,14.4,21.7,17.7,37.7,47.2,52.8,83.4,16.6,52.6,47.4,2004
Detroit Pistons,82,54,28,48.7,83.6,16.4,65.0,26.1,14.2,13.6,20.8,16.7,39.0,59.2,40.8,86.5,13.5,62.7,37.3,2004
Seattle SuperSonics,82,52,30,48.2,71.9,28.1,54.6,17.4,24.6,9.9,20.7,15.9,37.3,41.1,58.9,86.5,13.5,51.6,48.4,2004
Houston Rockets,82,51,31,48.4,76.3,23.7,58.8,24.5,21.3,10.0,19.9,15.7,34.3,56.1,43.9,80.8,19.2,60.9,39.1,2004
Sacramento Kings,82,50,32,48.4,80.0,20.0,63.0,27.7,18.4,11.6,18.5,16.1,35.4,58.2,41.8,85.2,14.8,62.6,37.4,2004
Denver Nuggets,82,49,33,48.2,85.8,14.2,66.6,22.9,11.8,19.4,21.6,18.5,43.7,61.7,38.3,87.8,12.2,64.5,35.5,2004
Chicago Bulls,82,47,35,48.4,78.3,21.7,60.4,21.4,19.8,10.5,19.8,17.8,39.0,56.9,43.1,80.6,19.4,61.2,38.8,2004
Boston Celtics,82,45,37,48.5,80.8,19.2,62.8,19.8,15.8,14.6,21.4,17.5,43.0,54.3,45.7,89.9,10.1,59.4,40.6,2004
Memphis Grizzlies,82,45,37,48.1,76.3,23.7,59.3,16.3,20.8,12.0,19.9,19.1,43.0,54.6,45.4,89.6,10.4,61.2,38.8,2004
Washington Wizards,82,45,37,48.2,78.0,22.0,59.5,19.3,18.7,15.5,21.8,18.9,40.2,47.8,52.2,76.3,23.7,52.7,47.3,2004
Indiana Pacers,82,44,38,48.5,74.5,25.5,55.8,21.2,21.3,8.6,22.9,16.0,34.5,48.1,51.9,86.0,14.0,55.8,44.2,2004
Minnesota Timberwolves,82,44,38,48.2,82.7,17.3,66.8,32.6,14.9,11.5,18.3,13.4,34.2,59.3,40.7,87.6,12.4,63.0,37.0,2004
Philadelphia 76ers,82,43,39,48.4,78.4,21.6,60.1,19.8,18.6,15.0,21.3,18.0,40.3,52.1,47.9,86.9,13.1,58.0,42.0,2004
Cleveland Cavaliers,82,42,40,48.4,86.5,13.5,68.0,24.4,11.4,13.2,20.6,18.3,43.6,59.9,40.1,79.7,20.3,61.9,38.1,2004
New Jersey Nets,82,42,40,48.5,81.3,18.7,61.8,27.8,17.4,11.7,20.7,19.3,34.1,59.7,40.3,89.0,11.0,64.4,35.6,2004
Los Angeles Clippers,82,37,45,48.9,89.5,10.5,68.6,27.0,8.8,8.9,22.6,15.7,41.7,63.2,36.8,86.1,13.9,65.0,35.0,2004
Orlando Magic,82,36,46,48.1,86.3,13.7,66.5,26.6,11.8,18.1,21.7,16.8,39.9,48.7,51.3,81.3,18.8,52.2,47.8,2004
Golden State Warriors,82,34,48,48.5,74.8,25.2,59.4,21.4,23.1,13.9,17.4,16.5,38.0,54.2,45.8,81.4,18.6,59.8,40.2,2004
Los Angeles Lakers,82,34,48,48.2,72.7,27.3,55.6,16.4,23.9,12.0,20.5,13.5,39.2,49.1,50.9,88.0,12.0,57.8,42.2,2004
New York Knicks,82,33,49,48.5,81.2,18.8,63.6,25.2,16.6,9.4,19.8,16.3,38.4,51.5,48.5,81.2,18.8,55.9,44.1,2004
Toronto Raptors,82,33,49,48.3,74.7,25.3,56.3,22.2,23.8,11.7,19.9,15.5,34.2,48.8,51.2,84.3,15.7,56.6,43.4,2004
Milwaukee Bucks,82,30,52,48.2,85.9,14.1,66.2,26.2,12.2,10.6,21.6,15.0,40.0,54.3,45.7,88.0,12.0,58.0,42.0,2004
Portland Trail Blazers,82,27,55,48.1,81.9,18.1,65.0,19.5,16.5,14.4,18.5,15.9,45.5,55.3,44.7,84.0,16.0,59.5,40.5,2004
Utah Jazz,82,26,56,48.2,87.9,12.1,67.6,27.6,9.8,10.6,22.5,16.6,40.0,62.5,37.5,86.0,14.0,64.6,35.4,2004
Charlotte Bobcats,82,18,64,48.5,87.2,12.8,68.3,29.2,12.4,11.2,19.2,17.6,39.2,57.0,43.0,90.3,9.7,60.6,39.4,2004
New Orleans Hornets,82,18,64,48.6,79.9,20.1,63.5,26.7,17.2,11.4,19.3,16.3,36.8,60.1,39.9,82.2,17.8,63.4,36.6,2004
Atlanta Hawks,82,13,69,48.4,85.4,14.6,69.4,22.4,12.0,12.6,18.6,17.5,47.0,51.1,48.9,87.2,12.8,54.9,45.1,2004
Indiana Pacers,82,61,21,48.3,79.7,20.3,61.5,22.8,18.0,11.8,20.5,18.7,38.6,60.0,40.0,87.1,12.9,64.4,35.6,2003
Minnesota Timberwolves,82,58,24,48.2,86.3,13.7,69.8,35.5,12.6,11.5,17.6,15.7,34.3,59.1,40.9,89.0,11.0,62.3,37.7,2003
San Antonio Spurs,82,57,25,48.2,82.3,17.7,64.9,21.8,16.3,10.2,18.8,17.9,43.1,54.3,45.7,86.8,13.2,59.0,41.0,2003
Los Angeles Lakers,82,56,26,48.4,83.3,16.7,66.1,21.4,13.6,11.5,20.3,16.9,44.8,60.8,39.2,90.1,9.9,64.3,35.7,2003
Sacramento Kings,82,55,27,48.2,77.7,22.3,59.3,23.6,21.4,11.9,19.3,16.5,35.7,65.3,34.7,86.2,13.8,69.4,30.6,2003
Detroit Pistons,82,54,28,48.2,84.7,15.3,65.3,22.4,13.5,13.6,21.1,18.5,42.9,59.2,40.8,81.7,18.3,62.0,38.0,2003
Dallas Mavericks,82,52,30,48.3,79.9,20.1,65.3,22.1,17.6,16.7,17.1,16.4,43.1,54.8,45.2,82.8,17.2,59.1,40.9,2003
Memphis Grizzlies,82,50,32,48.5,80.3,19.7,63.5,17.3,16.9,16.9,19.6,20.0,46.2,60.9,39.1,85.7,14.3,64.6,35.4,2003
New Jersey Nets,82,47,35,48.1,82.4,17.6,65.8,22.9,15.3,17.3,18.9,18.6,42.9,68.7,31.3,88.9,11.1,71.4,28.6,2003
Houston Rockets,82,45,37,48.6,77.3,22.7,60.4,23.7,21.0,8.7,18.6,16.0,36.7,51.2,48.8,85.4,14.6,57.7,42.3,2003
Denver Nuggets,82,43,39,48.1,85.4,14.6,66.8,23.5,12.5,20.4,20.8,18.9,43.3,57.4,42.6,80.1,19.9,59.9,40.1,2003
Miami Heat,82,42,40,48.2,78.9,21.1,60.6,21.6,19.7,13.8,19.7,17.6,39.0,50.5,49.5,88.9,11.1,57.3,42.7,2003
Utah Jazz,82,42,40,48.2,87.3,12.7,67.1,26.6,10.4,13.3,22.5,18.7,40.5,59.8,40.2,84.5,15.5,62.1,37.9,2003
Milwaukee Bucks,82,41,41,48.2,82.8,17.2,63.9,22.1,15.0,12.8,21.1,15.2,41.8,58.8,41.2,90.3,9.7,63.0,37.0,2003
New Orleans Hornets,82,41,41,48.4,74.8,25.2,59.5,22.0,21.2,14.0,19.3,18.6,37.5,59.1,40.9,73.8,26.2,61.9,38.1,2003
Portland Trail Blazers,82,41,41,48.7,83.0,17.0,67.7,23.8,15.4,11.7,17.0,16.3,43.9,57.1,42.9,86.6,13.4,61.0,39.0,2003
New York Knicks,82,39,43,48.5,82.9,17.1,65.6,28.2,16.1,9.5,18.2,15.2,37.5,54.8,45.2,83.5,16.5,58.8,41.2,2003
Golden State Warriors,82,37,45,48.4,80.3,19.7,64.0,20.6,16.8,9.3,19.2,16.5,43.4,52.6,47.4,91.8,8.2,58.5,41.5,2003
Seattle SuperSonics,82,37,45,48.3,70.6,29.4,55.7,18.4,27.2,13.5,17.1,17.2,37.2,51.9,48.1,87.6,12.4,60.6,39.4,2003
Boston Celtics,82,36,46,48.1,75.1,24.9,58.6,21.7,21.2,12.5,20.1,19.4,36.9,52.4,47.6,87.5,12.5,59.2,40.8,2003
Cleveland Cavaliers,82,35,47,48.4,88.4,11.6,70.2,25.1,9.7,13.9,20.1,15.7,45.1,59.5,40.5,87.9,12.1,61.9,38.1,2003
Philadelphia 76ers,82,33,49,48.4,84.2,15.8,64.9,24.2,14.1,15.2,21.0,17.4,40.7,56.7,43.3,92.0,8.0,61.1,38.9,2003
Toronto Raptors,82,33,49,48.7,79.6,20.4,62.6,27.1,19.7,10.9,17.7,17.8,35.5,51.9,48.1,94.4,5.6,59.3,40.7,2003
Phoenix Suns,82,29,53,48.1,82.0,18.0,65.9,20.8,16.1,14.0,18.0,18.5,45.1,48.2,51.8,87.0,13.0,53.6,46.4,2003
Atlanta Hawks,82,28,54,48.5,80.9,19.1,63.3,23.3,16.5,13.1,20.2,16.1,40.1,53.7,46.3,84.5,15.5,58.3,41.7,2003
Los Angeles Clippers,82,28,54,48.3,84.4,15.6,64.0,19.2,12.7,9.5,23.3,15.9,44.8,55.0,45.0,86.6,13.4,58.7,41.3,2003
Washington Wizards,82,25,57,48.4,80.6,19.4,61.7,19.7,17.3,14.9,21.0,18.7,42.0,51.1,48.9,80.6,19.4,55.7,44.3,2003
Chicago Bulls,82,23,59,48.4,81.4,18.6,64.4,25.9,17.5,11.6,18.1,16.9,38.5,61.4,38.6,79.0,21.0,64.1,35.9,2003
Orlando Magic,82,21,61,48.4,81.6,18.4,64.2,28.6,16.7,11.5,19.1,15.9,35.6,50.4,49.6,78.6,21.4,54.5,45.5,2003
Dallas Mavericks,82,60,22,48.2,76.1,23.9,59.8,22.9,22.6,13.9,17.6,17.4,36.9,51.5,48.5,84.3,15.7,58.1,41.9,2002
San Antonio Spurs,82,60,22,48.4,79.8,20.2,62.6,17.2,17.1,12.3,20.3,17.1,45.4,49.9,50.1,90.9,9.1,56.3,43.7,2002
Sacramento Kings,82,59,23,48.4,81.6,18.4,66.0,25.9,17.7,13.8,16.4,17.0,40.0,58.3,41.7,87.4,12.6,62.7,37.3,2002
Minnesota Timberwolves,82,51,31,48.3,88.2,11.8,71.5,32.5,11.0,12.7,17.5,15.9,39.0,63.2,36.8,85.1,14.9,65.3,34.7,2002
Detroit Pistons,82,50,32,48.5,76.3,23.7,57.8,23.3,21.3,11.2,20.8,16.6,34.6,55.3,44.7,79.2,20.8,60.0,40.0,2002
Los Angeles Lakers,82,50,32,48.6,80.1,19.9,63.3,22.3,17.7,10.4,19.0,15.5,41.0,57.2,42.8,86.4,13.6,61.8,38.2,2002
Portland Trail Blazers,82,50,32,48.4,82.3,17.7,66.8,21.5,14.6,12.9,18.6,18.5,45.4,58.5,41.5,88.1,11.9,62.3,37.7,2002
New Jersey Nets,82,49,33,48.2,84.2,15.8,65.5,22.2,13.3,19.6,21.3,19.2,43.3,61.7,38.3,89.0,11.0,64.9,35.1,2002
Indiana Pacers,82,48,34,48.5,83.1,16.9,63.8,24.1,14.3,15.1,21.9,17.1,39.6,62.3,37.7,87.6,12.4,65.6,34.4,2002
Philadelphia 76ers,82,48,34,48.4,88.1,11.9,68.8,22.2,9.3,16.0,22.0,20.2,46.6,56.7,43.3,91.0,9.0,59.5,40.5,2002
New Orleans Hornets,82,47,35,48.5,83.9,16.1,65.2,26.8,15.7,11.9,19.1,17.5,38.4,58.2,41.8,85.4,14.6,62.0,38.0,2002
Utah Jazz,82,47,35,48.2,89.6,10.4,68.8,27.4,8.7,12.3,22.5,18.8,41.4,71.3,28.7,88.4,11.6,72.7,27.3,2002
Boston Celtics,82,44,38,48.4,66.9,33.1,52.1,14.9,28.4,9.6,19.5,18.5,37.2,49.6,50.4,82.3,17.7,58.3,41.7,2002
Phoenix Suns,82,44,38,48.3,83.0,17.0,66.7,23.6,15.1,11.5,18.3,18.7,43.0,53.0,47.0,85.0,15.0,57.2,42.8,2002
Houston Rockets,82,43,39,48.6,80.4,19.6,62.5,21.4,17.1,12.3,20.4,16.2,41.0,46.6,53.4,87.9,12.1,53.0,47.0,2002
Milwaukee Bucks,82,42,40,48.5,77.1,22.9,60.3,23.8,21.5,12.4,18.2,16.2,36.6,52.7,47.3,89.9,10.1,59.9,40.1,2002
Orlando Magic,82,42,40,48.3,76.5,23.5,58.9,25.7,21.1,12.9,20.0,18.1,33.2,51.5,48.5,79.2,20.8,56.9,43.1,2002
Seattle SuperSonics,82,40,42,48.4,80.4,19.6,64.4,25.2,18.1,12.6,17.5,18.7,39.2,56.0,44.0,90.6,9.4,61.5,38.5,2002
Golden State Warriors,82,38,44,48.2,82.2,17.8,62.8,21.2,15.2,13.5,22.1,14.5,41.5,51.7,48.3,81.9,18.1,55.9,44.1,2002
New York Knicks,82,37,45,48.4,76.5,23.5,60.1,29.2,23.1,8.8,16.8,16.1,30.9,55.5,44.5,80.7,19.3,60.7,39.3,2002
Washington Wizards,82,37,45,48.4,87.3,12.7,68.3,34.9,10.1,9.5,21.6,16.6,33.5,54.1,45.9,89.3,10.7,57.2,42.8,2002
Atlanta Hawks,82,35,47,48.5,82.3,17.7,63.7,26.5,15.6,13.5,20.7,15.1,37.2,54.3,45.7,85.6,14.4,58.7,41.3,2002
Chicago Bulls,82,30,52,48.6,85.2,14.8,67.9,21.5,13.4,12.9,18.7,15.8,46.4,56.2,43.8,84.8,15.2,59.6,40.4,2002
Memphis Grizzlies,82,28,54,48.6,81.0,19.0,64.6,22.2,17.5,16.6,17.9,16.4,42.4,58.4,41.6,82.2,17.8,62.1,37.9,2002
Los Angeles Clippers,82,27,55,48.2,81.8,18.2,63.6,17.9,15.2,12.7,21.2,16.1,45.7,51.8,48.2,86.9,13.1,56.6,43.4,2002
Miami Heat,82,25,57,48.4,83.1,16.9,66.7,29.9,14.9,11.6,18.4,17.2,36.8,51.9,48.1,82.5,17.5,55.8,44.2,2002
Toronto Raptors,82,24,58,48.3,82.1,17.9,65.4,27.0,16.5,16.7,18.1,15.2,38.5,51.0,49.0,82.9,17.1,55.6,44.4,2002
Cleveland Cavaliers,82,17,65,48.4,86.7,13.3,68.2,25.2,11.7,15.4,20.0,16.6,43.1,57.2,42.8,85.3,14.7,60.1,39.9,2002
Denver Nuggets,82,17,65,48.1,87.4,12.6,71.3,26.7,10.0,13.4,18.8,19.9,44.6,62.9,37.1,82.5,17.5,64.6,35.4,2002
Sacramento Kings,82,61,21,48.2,83.4,16.6,66.2,24.8,14.9,16.3,18.9,16.8,41.4,56.0,44.0,86.6,13.4,60.0,40.0,2001
Los Angeles Lakers,82,58,24,48.2,79.0,21.0,63.6,20.6,18.4,10.5,18.0,15.3,43.0,53.9,46.1,90.2,9.8,59.7,40.3,2001
San Antonio Spurs,82,58,24,48.4,81.0,19.0,62.4,19.7,16.6,12.0,21.0,17.6,42.7,50.7,49.3,88.6,11.4,56.4,43.6,2001
Dallas Mavericks,82,57,25,48.5,76.3,23.7,59.8,22.2,21.6,15.2,18.6,15.2,37.6,51.0,49.0,79.9,20.1,56.6,43.4,2001
New Jersey Nets,82,52,30,48.4,82.5,17.5,66.9,22.5,15.3,18.1,17.8,18.1,44.4,62.0,38.0,87.6,12.4,65.4,34.6,2001
Detroit Pistons,82,50,32,48.0,76.1,23.9,58.9,22.2,22.0,12.7,19.1,17.9,36.7,55.5,44.5,88.4,11.6,62.0,38.0,2001
Minnesota Timberwolves,82,50,32,48.3,84.8,15.2,68.2,29.8,14.6,12.9,17.2,15.2,38.4,60.4,39.6,79.3,20.7,62.8,37.2,2001
Boston Celtics,82,49,33,48.4,71.1,28.9,54.5,17.8,26.5,12.9,19.0,17.5,36.7,51.2,48.8,88.6,11.4,60.4,39.6,2001
Portland Trail Blazers,82,49,33,48.4,80.2,19.8,64.1,24.4,17.6,13.5,18.3,17.7,39.6,60.2,39.8,85.6,14.4,64.1,35.9,2001
Seattle SuperSonics,82,45,37,48.4,80.7,19.3,65.9,23.1,18.3,12.4,15.8,18.1,42.9,56.0,44.0,91.2,8.8,61.5,38.5,2001
Charlotte Hornets,82,44,38,48.2,84.9,15.1,66.2,25.9,13.5,13.5,20.4,16.1,40.2,58.0,42.0,81.2,18.8,60.8,39.2,2001
Orlando Magic,82,44,38,48.4,75.9,24.1,59.9,22.1,22.6,14.9,17.5,17.2,37.8,51.9,48.1,84.5,15.5,58.4,41.6,2001
Utah Jazz,82,44,38,48.4,86.8,13.2,65.8,23.8,10.7,13.0,23.5,19.6,42.0,67.8,32.2,87.1,12.9,69.7,30.3,2001
Philadelphia 76ers,82,43,39,48.1,88.9,11.1,69.4,26.6,8.6,15.1,22.0,17.7,42.8,55.8,44.2,89.7,10.3,58.4,41.6,2001
Indiana Pacers,82,42,40,48.5,81.8,18.2,63.7,25.4,15.3,16.3,20.9,15.9,38.3,60.1,39.9,89.6,10.4,64.2,35.8,2001
Toronto Raptors,82,42,40,48.2,83.5,16.5,67.6,28.8,15.5,18.1,16.9,17.1,38.7,57.1,42.9,85.8,14.2,60.9,39.1,2001
Milwaukee Bucks,82,41,41,48.5,75.9,24.1,61.2,27.3,22.2,12.6,16.5,14.7,33.9,55.0,45.0,84.3,15.7,60.7,39.3,2001
Los Angeles Clippers,82,39,43,48.3,82.8,17.2,65.3,20.0,15.6,10.3,19.1,15.0,45.3,52.3,47.7,91.9,8.1,57.7,42.3,2001
Washington Wizards,82,37,45,48.1,88.2,11.8,69.2,34.0,12.0,9.1,18.8,15.3,35.2,56.1,43.9,78.4,21.6,58.4,41.6,2001
Miami Heat,82,36,46,48.6,85.9,14.1,69.6,31.7,13.1,11.0,17.3,16.1,37.9,55.6,44.4,89.4,10.6,59.4,40.6,2001
Phoenix Suns,82,36,46,48.4,84.2,15.8,70.2,24.7,13.8,13.0,16.0,16.9,45.6,56.7,43.3,79.6,20.4,59.3,40.7,2001
Atlanta Hawks,82,33,49,48.2,81.9,18.1,64.3,21.9,16.5,15.8,19.3,18.0,42.4,52.5,47.5,83.9,16.1,57.0,43.0,2001
New York Knicks,82,30,52,48.3,79.4,20.6,62.4,26.4,18.9,10.5,18.7,15.6,36.0,56.6,43.4,82.9,17.1,61.1,38.9,2001
Cleveland Cavaliers,82,29,53,48.4,84.4,15.6,65.6,29.7,14.9,12.3,19.6,14.2,35.8,60.1,39.9,91.0,9.0,64.1,35.9,2001
Houston Rockets,82,28,54,48.7,77.7,22.3,61.8,24.2,19.7,9.7,18.5,14.5,37.6,45.7,54.3,82.9,17.1,52.2,47.8,2001
Denver Nuggets,82,27,55,48.3,81.3,18.7,65.9,24.0,16.8,15.1,17.3,16.2,42.0,58.6,41.4,84.2,15.8,62.3,37.7,2001
Memphis Grizzlies,82,23,59,48.2,83.2,16.8,68.2,24.4,13.7,13.0,18.1,16.6,43.8,61.3,38.7,72.3,27.7,62.6,37.4,2001
Chicago Bulls,82,21,61,48.3,86.6,13.4,68.5,31.3,12.3,12.7,19.3,16.6,37.1,61.7,38.3,89.0,11.0,64.6,35.4,2001
Golden State Warriors,82,21,61,48.2,85.8,14.2,66.9,19.8,12.0,15.0,21.1,16.9,47.1,53.2,46.8,88.1,11.9,56.9,43.1,2001
San Antonio Spurs,82,58,24,48.4,82.5,17.5,61.9,23.8,16.9,11.8,21.2,16.3,38.0,56.9,43.1,87.6,12.4,61.7,38.3,2000
Los Angeles Lakers,82,56,26,48.5,80.9,19.1,64.7,20.7,16.0,9.6,19.3,14.8,44.1,56.5,43.5,86.6,13.4,60.7,39.3,2000
Philadelphia 76ers,82,56,26,48.4,87.6,12.4,68.0,23.8,10.1,17.1,21.9,18.7,44.2,55.4,44.6,87.8,12.2,58.3,41.7,2000
Sacramento Kings,82,55,27,49.0,80.6,19.4,63.6,20.5,17.2,16.2,19.2,17.7,43.1,55.4,44.6,79.7,20.3,59.1,40.9,2000
Dallas Mavericks,82,53,29,48.3,79.8,20.2,62.3,23.3,18.8,15.2,18.8,16.6,39.0,51.3,48.7,81.6,18.4,56.4,43.6,2000
Utah Jazz,82,53,29,48.2,86.5,13.5,66.2,22.6,12.3,11.8,21.5,18.0,43.6,69.3,30.7,87.4,12.6,71.3,28.7,2000
Milwaukee Bucks,82,52,30,48.2,78.2,21.8,61.7,28.5,20.4,14.5,17.8,16.9,33.2,52.9,47.1,87.9,12.1,59.3,40.7,2000
Phoenix Suns,82,51,31,48.3,84.4,15.6,67.8,28.1,12.9,15.1,19.3,19.8,39.7,61.5,38.5,89.8,10.2,64.7,35.3,2000
Miami Heat,82,50,32,48.5,77.9,22.1,60.8,24.6,19.7,11.2,19.5,19.1,36.2,56.0,44.0,81.2,18.8,60.5,39.5,2000
Portland Trail Blazers,82,50,32,48.2,83.5,16.5,67.4,26.0,14.1,12.9,18.5,17.3,41.4,62.9,37.1,82.9,17.1,65.3,34.7,2000
New York Knicks,82,48,34,48.5,82.0,18.0,65.0,27.1,16.1,8.3,18.9,17.6,37.9,50.6,49.4,82.6,17.4,55.2,44.8,2000
Minnesota Timberwolves,82,47,35,48.4,86.9,13.1,70.8,34.2,12.1,15.5,17.1,17.4,36.7,63.7,36.3,88.2,11.8,66.2,33.8,2000
Toronto Raptors,82,47,35,48.7,83.3,16.7,65.4,29.9,16.1,17.0,18.5,15.6,35.5,63.0,37.0,82.8,17.2,65.7,34.3,2000
Charlotte Hornets,82,46,36,48.5,84.9,15.1,65.3,28.3,13.5,14.7,21.2,16.8,37.0,65.0,35.0,88.5,11.5,67.9,32.1,2000
Houston Rockets,82,45,37,48.4,78.3,21.7,61.2,20.3,19.0,11.2,19.8,15.1,40.9,49.8,50.2,79.2,20.8,54.8,45.2,2000
Seattle SuperSonics,82,44,38,48.3,82.4,17.6,64.3,16.9,17.5,15.4,18.2,18.1,47.4,53.8,46.2,88.6,11.4,59.2,40.8,2000
Orlando Magic,82,43,39,48.7,80.4,19.6,63.1,25.8,18.4,15.4,18.5,18.9,37.3,54.8,45.2,85.9,14.1,59.8,40.2,2000
Indiana Pacers,82,41,41,48.7,82.0,18.0,64.1,28.1,15.7,12.0,20.3,15.6,36.0,58.0,42.0,88.9,11.1,62.3,37.7,2000
Denver Nuggets,82,40,42,48.2,79.0,21.0,62.3,21.9,19.4,15.8,18.3,15.2,40.4,62.0,38.0,86.1,13.9,66.1,33.9,2000
Boston Celtics,82,36,46,48.4,74.8,25.2,56.2,18.6,22.9,10.7,20.9,19.0,37.7,53.2,46.8,92.6,7.4,61.6,38.4,2000
Detroit Pistons,82,32,50,48.4,83.8,16.2,64.6,28.0,14.9,16.1,20.5,17.5,36.5,51.3,48.7,84.8,15.2,55.8,44.2,2000
Los Angeles Clippers,82,31,51,48.9,83.6,16.4,66.9,20.7,14.2,12.3,18.8,15.1,46.2,50.5,49.5,84.7,15.3,54.7,45.3,2000
Cleveland Cavaliers,82,30,52,48.4,89.9,10.1,70.6,27.4,8.7,14.2,20.6,17.4,43.2,56.4,43.6,91.4,8.6,59.1,40.9,2000
New Jersey Nets,82,26,56,48.1,83.5,16.5,64.1,22.5,14.3,12.8,21.6,18.4,41.6,54.3,45.7,79.8,20.2,57.6,42.4,2000
Atlanta Hawks,82,25,57,48.1,86.0,14.0,68.2,28.3,13.4,12.1,18.4,16.8,39.8,50.7,49.3,81.1,18.9,54.2,45.8,2000
Vancouver Grizzlies,82,23,59,48.2,85.5,14.5,67.7,31.6,13.0,12.8,19.4,16.5,36.1,63.5,36.5,87.4,12.6,66.2,33.8,2000
Washington Wizards,82,19,63,48.0,86.9,13.1,66.9,26.3,10.8,13.6,22.3,17.0,40.7,56.3,43.7,75.3,24.7,58.1,41.9,2000
Golden State Warriors,82,17,65,48.2,86.6,13.4,70.0,26.8,11.2,14.9,18.8,19.0,43.2,58.8,41.2,80.9,19.1,60.9,39.1,2000
Chicago Bulls,82,15,67,48.4,85.2,14.8,66.6,27.5,13.7,11.7,19.6,17.7,39.1,63.4,36.6,89.4,10.6,66.5,33.5,2000
Los Angeles Lakers,82,67,15,48.3,84.7,15.3,67.6,20.4,12.5,11.6,19.9,16.4,47.2,58.2,41.8,85.8,14.2,61.2,38.8,1999
Portland Trail Blazers,82,59,23,48.2,82.5,17.5,65.4,24.5,15.3,13.8,19.3,16.0,41.0,60.4,39.6,84.8,15.2,63.7,36.3,1999
Indiana Pacers,82,56,26,48.1,77.6,22.4,59.3,24.2,21.1,13.5,19.6,15.0,35.1,53.9,46.1,90.9,9.1,60.9,39.1,1999
Utah Jazz,82,55,27,48.2,86.6,13.4,66.5,28.9,12.5,11.3,21.0,17.4,37.6,67.1,32.9,83.6,16.4,68.9,31.1,1999
Phoenix Suns,82,53,29,48.3,81.6,18.4,65.0,22.4,16.9,14.4,18.1,18.8,42.6,63.2,36.8,94.3,5.7,67.8,32.2,1999
San Antonio Spurs,82,53,29,48.4,86.2,13.8,66.5,25.7,12.6,13.6,20.9,16.1,40.8,58.8,41.2,83.9,16.1,61.6,38.4,1999
Miami Heat,82,52,30,48.4,81.4,18.6,65.3,25.9,17.3,13.3,17.4,16.0,39.4,61.2,38.8,86.1,13.9,64.9,35.1,1999
Minnesota Timberwolves,82,50,32,48.5,89.6,10.4,73.7,37.7,9.2,15.4,17.1,16.5,36.1,66.9,33.1,85.9,14.1,68.4,31.6,1999
New York Knicks,82,50,32,48.4,85.3,14.7,67.4,30.0,13.9,9.0,18.7,16.5,37.4,50.2,49.8,88.6,11.4,54.8,45.2,1999
Charlotte Hornets,82,49,33,48.2,84.7,15.3,64.3,25.2,12.6,15.3,23.1,17.8,39.1,66.1,33.9,90.9,9.1,68.9,31.1,1999
Philadelphia 76ers,82,49,33,48.4,90.5,9.5,71.7,25.7,8.0,17.3,20.3,20.0,46.0,58.7,41.3,88.0,12.0,60.7,39.3,1999
Seattle SuperSonics,82,45,37,48.2,76.8,23.2,63.1,20.8,20.2,15.9,16.8,16.6,42.3,55.8,44.2,82.1,17.9,60.4,39.6,1999
Toronto Raptors,82,45,37,48.2,83.0,17.0,64.1,31.9,16.0,18.2,19.9,16.8,32.3,61.7,38.3,87.3,12.7,65.3,34.7,1999
Sacramento Kings,82,44,38,48.3,77.3,22.7,63.7,20.5,18.6,15.8,17.7,18.2,43.2,57.6,42.4,69.9,30.1,59.6,40.4,1999
Detroit Pistons,82,42,40,48.4,81.6,18.4,61.4,24.0,15.5,16.0,23.1,17.9,37.4,50.0,50.0,92.0,8.0,56.1,43.9,1999
Milwaukee Bucks,82,42,40,48.4,84.3,15.7,67.0,32.8,14.2,14.7,18.8,17.7,34.2,54.0,46.0,88.8,11.2,58.3,41.7,1999
Orlando Magic,82,41,41,48.2,87.6,12.4,70.1,28.4,10.7,19.8,19.2,20.3,41.6,51.9,48.1,73.5,26.5,53.9,46.1,1999
Dallas Mavericks,82,40,42,48.1,81.2,18.8,64.4,27.9,18.7,15.5,16.9,17.7,36.5,50.3,49.7,89.4,10.6,56.7,43.3,1999
Boston Celtics,82,35,47,48.1,81.7,18.3,64.7,21.8,15.4,13.0,19.9,18.4,42.9,51.5,48.5,91.6,8.4,57.0,43.0,1999
Denver Nuggets,82,35,47,48.4,79.8,20.2,63.8,22.2,17.4,15.2,18.9,15.9,41.6,59.6,40.4,78.5,21.5,62.5,37.5,1999
Houston Rockets,82,34,48,48.4,75.6,24.4,59.3,15.6,21.4,15.3,19.3,15.7,43.7,54.0,46.0,80.6,19.4,59.1,40.9,1999
Cleveland Cavaliers,82,32,50,48.4,86.4,13.6,66.3,24.5,12.9,17.5,20.8,18.3,41.7,62.3,37.7,87.8,12.2,65.2,34.8,1999
New Jersey Nets,82,31,51,48.4,80.0,20.0,62.3,25.4,17.8,12.3,19.9,19.4,36.9,50.5,49.5,89.1,10.9,56.7,43.3,1999
Washington Wizards,82,29,53,48.3,86.7,13.3,67.5,26.9,12.7,11.5,19.8,16.6,40.7,55.8,44.2,83.3,16.7,58.8,41.2,1999
Atlanta Hawks,82,28,54,48.4,88.0,12.0,70.9,31.4,10.0,14.7,19.1,13.9,39.5,48.9,51.1,80.6,19.4,51.6,48.4,1999
Vancouver Grizzlies,82,22,60,48.4,86.1,13.9,66.7,23.4,12.6,13.7,20.7,17.1,43.3,54.8,45.2,90.7,9.3,58.8,41.2,1999
Golden State Warriors,82,19,63,48.2,85.0,15.0,67.7,23.8,13.2,16.2,19.1,18.0,43.8,59.5,40.5,79.1,20.9,61.8,38.2,1999
Chicago Bulls,82,17,65,48.3,83.3,16.7,64.0,22.6,14.7,8.7,21.3,17.2,41.5,60.3,39.7,86.8,13.2,63.8,36.2,1999
Los Angeles Clippers,82,15,67,48.1,81.2,18.8,64.9,22.4,17.1,11.7,18.1,15.4,42.5,47.1,52.9,76.2,23.8,51.4,48.6,1999
San Antonio Spurs,50,37,13,48.3,86.3,13.7,67.6,23.0,11.1,14.4,21.3,17.1,44.6,59.8,40.2,95.3,4.7,63.3,36.7,1998
Utah Jazz,50,37,13,48.7,89.3,10.7,66.2,24.3,9.0,13.4,24.8,17.7,41.9,70.3,29.7,84.3,15.7,71.5,28.5,1998
Portland Trail Blazers,50,35,15,48.7,82.9,17.1,63.3,23.9,15.6,13.3,21.1,18.8,39.4,57.4,42.6,86.2,13.8,61.4,38.6,1998
Indiana Pacers,50,33,17,48.4,79.3,20.7,60.7,25.9,18.6,9.7,20.6,14.8,34.8,52.0,48.0,87.8,12.2,58.1,41.9,1998
Miami Heat,50,33,17,48.1,77.4,22.6,59.7,22.3,19.5,11.3,20.9,17.4,37.4,60.4,39.6,75.1,24.9,63.1,36.9,1998
Orlando Magic,50,33,17,48.2,82.9,17.1,65.5,26.1,15.0,14.2,19.6,21.2,39.3,59.9,40.1,85.2,14.8,63.2,36.8,1998
Atlanta Hawks,50,31,19,48.3,82.9,17.1,62.2,23.6,13.7,12.1,24.1,16.3,38.6,47.7,52.3,71.6,28.4,50.7,49.3,1998
Houston Rockets,50,31,19,48.3,75.9,24.1,60.2,17.7,21.4,13.3,18.4,15.5,42.5,54.3,45.7,85.4,14.6,60.3,39.7,1998
Los Angeles Lakers,50,31,19,48.2,82.6,17.4,64.6,17.4,14.6,12.2,20.7,15.0,47.3,56.1,43.9,81.7,18.3,59.5,40.5,1998
Detroit Pistons,50,29,21,48.2,81.7,18.3,62.5,23.4,16.5,13.3,21.0,19.0,39.1,55.1,44.9,93.1,6.9,60.8,39.2,1998
Milwaukee Bucks,50,28,22,48.2,83.8,16.2,66.4,29.3,15.1,13.5,18.5,20.2,37.1,54.3,45.7,88.3,11.7,58.8,41.2,1998
Philadelphia 76ers,50,28,22,48.6,90.4,9.6,69.5,26.6,6.6,19.3,23.9,22.4,42.9,54.7,45.3,83.7,16.3,56.4,43.6,1998
New York Knicks,50,27,23,48.4,84.1,15.9,64.9,23.5,14.4,11.3,20.6,18.0,41.4,56.4,43.6,82.7,17.3,59.8,40.2,1998
Phoenix Suns,50,27,23,48.2,82.5,17.5,64.3,25.7,16.4,14.9,19.3,18.4,38.6,65.4,34.6,93.9,6.1,69.5,30.5,1998
Sacramento Kings,50,27,23,48.8,78.1,21.9,65.0,15.9,17.4,16.4,17.6,17.9,49.2,56.6,43.4,71.4,28.6,58.9,41.1,1998
Charlotte Hornets,50,26,24,48.6,80.2,19.8,60.4,23.9,17.3,13.5,22.3,18.4,36.6,62.4,37.6,87.7,12.3,66.4,33.6,1998
Minnesota Timberwolves,50,25,25,48.1,90.5,9.5,73.9,37.1,7.9,12.6,18.3,18.5,36.7,64.9,35.1,86.1,13.9,66.3,33.7,1998
Seattle SuperSonics,50,25,25,48.4,77.4,22.6,61.0,17.2,19.5,13.2,19.4,16.6,43.8,56.9,43.1,85.4,14.6,61.9,38.1,1998
Toronto Raptors,50,23,27,48.3,83.2,16.8,62.9,24.7,14.9,19.9,22.2,17.9,38.2,59.1,40.9,83.6,16.4,62.4,37.6,1998
Cleveland Cavaliers,50,22,28,48.2,85.0,15.0,63.9,23.8,12.6,12.9,23.5,20.6,40.1,67.4,32.6,89.6,10.4,70.0,30.0,1998
Golden State Warriors,50,21,29,48.5,86.5,13.5,71.0,29.8,11.0,15.0,18.0,17.3,41.3,57.5,42.5,83.3,16.7,59.9,40.1,1998
Boston Celtics,50,19,31,48.6,81.8,18.2,66.4,22.2,17.6,14.8,16.0,19.8,44.2,53.2,46.8,92.3,7.7,59.1,40.9,1998
Dallas Mavericks,50,19,31,48.3,85.2,14.8,67.5,27.8,13.2,14.7,19.2,16.5,39.7,48.3,51.7,86.1,13.9,52.7,47.3,1998
Washington Wizards,50,18,32,48.2,85.4,14.6,69.7,29.8,11.8,11.5,18.5,19.7,39.9,57.8,42.2,81.0,19.0,60.2,39.8,1998
New Jersey Nets,50,16,34,48.2,83.7,16.3,64.2,24.8,14.8,16.1,21.1,18.2,39.4,50.8,49.2,79.1,20.9,54.6,45.4,1998
Denver Nuggets,50,14,36,48.1,76.9,23.1,59.0,21.1,19.4,12.2,21.6,15.2,37.9,53.6,46.4,76.2,23.8,57.6,42.4,1998
Chicago Bulls,50,13,37,48.3,84.1,15.9,66.5,25.7,13.0,11.0,20.5,19.3,40.8,62.5,37.5,93.8,6.2,66.1,33.9,1998
Los Angeles Clippers,50,9,41,48.5,83.3,16.7,66.3,19.4,14.2,11.5,19.5,18.6,46.8,43.2,56.8,80.8,19.2,47.9,52.1,1998
Vancouver Grizzlies,50,8,42,48.7,88.2,11.8,67.3,23.2,10.0,12.0,22.7,17.8,44.1,55.7,44.3,88.5,11.5,58.6,41.4,1998
Chicago Bulls,82,62,20,48.4,85.9,14.1,69.4,29.2,11.8,13.6,18.8,18.4,40.2,61.1,38.9,86.5,13.5,63.7,36.3,1997
Utah Jazz,82,62,20,48.2,89.0,11.0,66.3,24.7,9.0,13.1,24.7,16.3,41.6,68.1,31.9,80.7,19.3,69.2,30.8,1997
Los Angeles Lakers,82,61,21,48.4,78.4,21.6,61.2,10.0,17.2,17.4,21.5,17.2,51.2,60.2,39.8,83.5,16.5,63.9,36.1,1997
Seattle SuperSonics,82,61,21,48.2,75.7,24.3,59.0,17.5,22.6,15.7,18.4,19.6,41.4,59.1,40.9,88.4,11.6,65.1,34.9,1997
Indiana Pacers,82,58,24,48.4,83.5,16.5,64.0,25.9,15.3,14.6,20.7,18.7,38.1,60.5,39.5,91.0,9.0,64.7,35.3,1997
Phoenix Suns,82,56,26,48.7,82.0,18.0,66.3,24.5,15.8,14.6,17.9,18.6,41.8,64.2,35.8,89.8,10.2,67.7,32.3,1997
San Antonio Spurs,82,56,26,48.4,86.1,13.9,68.4,21.6,11.9,11.7,19.6,14.2,46.8,60.2,39.8,91.7,8.3,63.5,36.5,1997
Miami Heat,82,55,27,48.2,75.6,24.4,59.1,18.2,21.1,14.4,19.8,16.9,40.9,57.3,42.7,79.9,20.1,61.7,38.3,1997
Charlotte Hornets,82,51,31,48.2,85.8,14.2,66.2,24.0,13.1,14.6,20.7,17.4,42.2,62.2,37.8,89.9,10.1,65.4,34.6,1997
Atlanta Hawks,82,50,32,48.5,84.0,16.0,64.9,23.7,12.9,11.4,22.3,16.1,41.1,51.6,48.4,74.8,25.2,54.3,45.7,1997
Cleveland Cavaliers,82,47,35,48.4,87.1,12.9,66.4,22.4,11.8,14.4,21.8,20.9,44.0,64.2,35.8,93.0,7.0,67.2,32.8,1997
Portland Trail Blazers,82,46,36,48.4,83.6,16.4,66.2,19.4,12.6,12.7,21.2,16.4,46.8,59.0,41.0,78.7,21.3,61.2,38.8,1997
Minnesota Timberwolves,82,45,37,48.6,87.2,12.8,68.9,29.8,11.0,14.1,20.2,16.9,39.0,64.5,35.5,74.6,25.4,65.5,34.5,1997
New Jersey Nets,82,43,39,48.5,86.5,13.5,67.2,26.2,11.4,14.0,21.4,20.1,41.0,51.2,48.8,90.3,9.7,55.2,44.8,1997
New York Knicks,82,43,39,48.4,82.2,17.8,66.1,28.1,15.3,12.7,18.6,18.8,38.0,59.5,40.5,81.2,18.8,62.4,37.6,1997
Washington Wizards,82,42,40,48.3,86.1,13.9,69.3,27.1,12.0,12.4,18.7,18.8,42.2,58.9,41.1,85.3,14.7,61.7,38.3,1997
Houston Rockets,82,41,41,48.4,74.4,25.6,58.6,18.8,21.2,12.7,20.2,16.4,39.8,55.2,44.8,85.5,14.5,61.1,38.9,1997
Orlando Magic,82,41,41,48.4,85.9,14.1,67.1,26.8,11.9,10.6,21.0,17.6,40.3,58.4,41.6,84.6,15.4,61.1,38.9,1997
Detroit Pistons,82,37,45,48.7,85.3,14.7,66.5,24.1,11.4,14.3,22.1,18.4,42.5,52.5,47.5,84.3,15.7,55.8,44.2,1997
Boston Celtics,82,36,46,48.1,82.0,18.0,66.0,22.9,15.8,15.9,18.1,23.2,43.1,56.9,43.1,81.4,18.6,60.3,39.7,1997
Milwaukee Bucks,82,36,46,48.6,89.0,11.0,68.9,30.2,9.6,16.7,21.5,18.8,38.7,54.2,45.8,81.1,18.9,56.5,43.5,1997
Philadelphia 76ers,82,31,51,48.2,87.4,12.6,67.8,23.6,9.5,16.6,22.7,18.5,44.2,58.1,41.9,90.9,9.1,60.9,39.1,1997
Sacramento Kings,82,27,55,48.1,87.9,12.1,70.0,25.4,11.1,14.1,18.9,17.2,44.7,59.6,40.4,85.9,14.1,62.1,37.9,1997
Dallas Mavericks,82,20,62,48.5,82.5,17.5,65.7,29.5,16.9,15.1,17.5,17.8,36.2,47.5,52.5,87.0,13.0,53.3,46.7,1997
Golden State Warriors,82,19,63,48.4,89.9,10.1,73.4,31.3,7.8,13.1,18.8,16.8,42.1,58.4,41.6,83.1,16.9,60.0,40.0,1997
Vancouver Grizzlies,82,19,63,48.4,86.3,13.7,67.7,21.7,12.3,13.8,20.0,15.8,46.0,62.0,38.0,91.7,8.3,65.2,34.8,1997
Los Angeles Clippers,82,17,65,48.2,78.1,21.9,61.2,17.5,20.0,15.5,18.8,16.2,43.6,47.3,52.7,75.2,24.8,52.3,47.7,1997
Toronto Raptors,82,16,66,48.6,84.1,15.9,66.6,21.7,14.3,20.7,19.0,18.7,45.0,56.9,43.1,72.8,27.2,58.9,41.1,1997
Denver Nuggets,82,11,71,48.1,86.1,13.9,65.5,27.8,11.8,14.5,22.7,18.1,37.7,55.1,44.9,79.9,20.1,57.8,42.2,1997
Chicago Bulls,82,69,13,48.1,79.7,20.3,65.1,29.6,18.6,12.0,16.3,18.0,35.6,62.1,37.9,82.6,17.4,65.4,34.6,1996
Utah Jazz,82,64,18,48.4,85.5,14.5,66.2,22.1,11.9,13.6,22.0,18.7,44.1,68.8,31.2,82.0,18.0,70.2,29.8,1996
Miami Heat,82,61,21,48.3,70.1,29.9,55.1,15.5,26.2,13.0,18.7,19.6,39.6,55.8,44.2,79.4,20.6,61.5,38.5,1996
Houston Rockets,82,57,25,48.4,71.6,28.4,57.4,14.7,24.4,11.9,18.2,16.3,42.6,61.5,38.5,83.3,16.7,66.3,33.7,1996
New York Knicks,82,57,25,48.4,79.2,20.8,61.7,21.6,18.0,11.9,20.3,18.2,40.1,59.5,40.5,79.6,20.4,62.8,37.2,1996
Seattle SuperSonics,82,57,25,48.2,75.3,24.7,58.9,13.6,20.3,15.5,20.9,20.9,45.3,58.4,41.6,90.9,9.1,64.4,35.6,1996
Atlanta Hawks,82,56,26,48.3,70.9,29.1,55.4,18.3,25.4,9.4,19.2,18.8,37.0,50.5,49.5,71.2,28.8,55.4,44.6,1996
Los Angeles Lakers,82,56,26,48.6,77.4,22.6,60.2,13.6,20.2,15.3,19.7,18.7,46.5,58.7,41.3,71.7,28.3,61.1,38.9,1996
Charlotte Hornets,82,54,28,48.3,78.2,21.8,59.1,20.6,21.9,11.1,19.0,16.9,38.5,62.7,37.3,87.6,12.4,67.6,32.4,1996
Detroit Pistons,82,54,28,48.4,75.4,24.6,58.1,21.1,22.6,11.1,19.3,18.4,37.0,45.9,54.1,89.9,10.1,55.0,45.0,1996
Portland Trail Blazers,82,49,33,48.4,78.3,21.7,61.6,15.4,18.5,13.2,19.9,17.6,46.2,52.7,47.3,78.2,21.8,57.0,43.0,1996
Orlando Magic,82,45,37,48.4,74.4,25.6,58.9,16.9,22.0,11.9,19.1,19.0,42.0,52.5,47.5,87.5,12.5,59.5,40.5,1996
Washington Bullets,82,44,38,48.4,85.0,15.0,70.6,21.6,12.2,14.6,17.2,18.9,49.0,57.0,43.0,84.9,15.1,59.9,40.1,1996
Cleveland Cavaliers,82,42,40,48.4,78.5,21.5,61.9,24.6,20.2,9.4,17.9,20.8,37.4,59.4,40.6,81.6,18.4,63.4,36.6,1996
Minnesota Timberwolves,82,40,42,48.2,83.0,17.0,65.1,25.8,14.1,11.1,20.8,17.9,39.3,63.4,36.6,66.6,33.4,63.8,36.2,1996
Phoenix Suns,82,40,42,48.4,78.7,21.3,62.1,19.4,18.8,14.9,19.2,16.7,42.7,62.3,37.7,82.7,17.3,65.8,34.2,1996
Indiana Pacers,82,39,43,48.6,81.9,18.1,61.9,20.8,16.5,13.4,21.6,17.3,41.1,57.9,42.1,80.9,19.1,61.4,38.6,1996
Los Angeles Clippers,82,36,46,48.6,80.0,20.0,63.1,21.3,17.8,13.8,19.0,19.0,41.8,51.5,48.5,77.6,22.4,55.6,44.4,1996
Sacramento Kings,82,34,48,48.3,84.0,16.0,65.4,24.4,15.7,13.5,18.9,17.0,41.0,56.8,43.2,80.0,20.0,60.0,40.0,1996
Milwaukee Bucks,82,33,49,48.1,85.4,14.6,67.6,23.3,12.4,14.5,20.0,17.2,44.3,51.3,48.7,78.4,21.6,54.3,45.7,1996
Golden State Warriors,82,30,52,48.5,79.2,20.8,61.6,20.7,17.7,9.7,20.8,17.3,40.8,57.8,42.2,76.5,23.5,60.8,39.2,1996
Toronto Raptors,82,30,52,48.4,75.5,24.5,59.0,16.2,22.6,18.4,18.5,18.6,42.8,55.4,44.6,74.0,26.0,59.2,40.8,1996
New Jersey Nets,82,26,56,48.2,80.7,19.3,63.0,21.3,18.2,15.0,18.8,17.9,41.6,53.7,46.3,78.3,21.7,57.6,42.4,1996
Dallas Mavericks,82,24,58,48.3,79.6,20.4,64.2,21.0,17.3,14.9,18.5,18.3,43.2,54.4,45.6,85.3,14.7,59.1,40.9,1996
Philadelphia 76ers,82,22,60,48.2,80.2,19.8,62.6,17.5,15.8,13.8,21.6,16.9,45.1,53.9,46.1,71.6,28.4,56.4,43.6,1996
Denver Nuggets,82,21,61,48.6,74.4,25.6,57.3,21.4,23.8,12.4,18.9,14.4,35.9,59.5,40.5,82.1,17.9,64.4,35.6,1996
San Antonio Spurs,82,20,62,48.1,81.5,18.5,66.0,19.4,15.3,12.8,18.7,17.0,46.6,55.3,44.7,81.0,19.0,58.8,41.2,1996
Boston Celtics,82,15,67,48.5,80.9,19.1,63.0,18.2,17.0,16.4,20.0,20.3,44.9,54.2,45.8,82.2,17.8,58.4,41.6,1996
Vancouver Grizzlies,82,14,68,48.2,80.3,19.7,64.9,21.0,18.3,12.6,16.8,17.3,43.9,62.6,37.4,84.5,15.5,66.1,33.9,1996
