TEAM,GP,W,L,MIN,DEF RTG,DREB,DREB%,STL,BLK,"OPP PTS
OFF TOV","OPP PTS
2ND CHANCE","OPP PTS
FB","OPP PTS
PAINT",Season
Boston Celtics,66,52,14,48.4,110.4,36.3,72.7,6.5,6.6,13.4,13.3,13.0,47.6,2023
Denver Nuggets,67,47,20,48.1,112.9,33.4,71.9,7.1,5.5,16.2,13.0,13.6,50.6,2023
Oklahoma City Thunder,67,47,20,48.3,111.5,33.0,69.1,8.2,6.7,14.7,15.4,12.3,46.8,2023
Minnesota Timberwolves,67,46,21,48.4,108.2,34.7,72.8,7.5,6.0,16.3,12.9,13.1,46.5,2023
Milwaukee Bucks,67,43,24,48.2,115.3,34.9,73.1,6.9,5.0,14.7,13.9,13.8,51.5,2023
Cleveland Cavaliers,67,42,25,48.4,110.8,34.2,72.4,7.4,4.9,16.8,12.8,14.0,46.4,2023
LA Clippers,66,42,24,48.1,114.8,32.7,70.3,7.8,5.1,15.6,13.9,14.8,49.5,2023
New Orleans Pelicans,67,41,26,48.1,111.7,33.7,72.1,8.2,5.0,15.6,13.0,13.9,46.8,2023
New York Knicks,67,40,27,48.0,111.9,33.1,73.3,7.3,4.1,14.8,12.0,14.3,46.7,2023
Orlando Magic,67,39,28,48.3,111.2,31.9,73.5,8.1,5.2,16.5,12.3,14.3,47.9,2023
Phoenix Suns,67,39,28,48.3,114.3,34.0,70.8,7.3,6.0,18.3,14.3,14.6,49.9,2023
Dallas Mavericks,67,38,29,48.0,116.8,32.4,69.9,6.8,4.8,15.5,14.6,16.0,52.3,2023
Indiana Pacers,68,38,30,48.1,118.1,31.3,70.1,7.7,5.9,16.5,14.9,14.1,58.9,2023
Sacramento Kings,66,38,28,48.5,115.8,33.0,74.6,7.4,4.0,16.8,11.1,11.8,50.1,2023
Philadelphia 76ers,67,37,30,48.1,114.1,31.6,69.9,8.5,5.7,14.2,13.9,15.3,50.9,2023
Los Angeles Lakers,68,36,32,48.4,115.7,34.4,72.0,7.5,5.5,16.8,15.1,16.0,51.2,2023
Miami Heat,66,36,30,48.1,112.5,32.7,72.9,7.5,3.5,16.0,13.5,13.2,46.9,2023
Golden State Warriors,66,35,31,48.5,115.4,34.3,72.4,6.8,4.3,17.3,13.2,15.2,50.5,2023
Chicago Bulls,68,33,35,48.8,115.4,32.5,71.7,7.6,4.9,15.4,13.6,13.0,45.3,2023
Houston Rockets,67,32,35,48.4,112.1,34.6,72.8,7.7,4.5,14.6,13.3,11.3,47.8,2023
Atlanta Hawks,66,29,37,48.3,118.7,32.0,70.7,7.5,4.6,16.4,14.5,16.7,54.6,2023
Utah Jazz,67,29,38,48.4,119.1,33.7,72.4,6.6,5.9,19.2,13.8,18.2,51.6,2023
Brooklyn Nets,67,26,41,48.2,115.8,32.3,71.4,6.9,5.1,15.3,13.9,15.3,48.0,2023
Memphis Grizzlies,68,23,45,48.2,113.4,31.8,70.6,7.9,6.2,18.3,14.2,14.5,48.5,2023
Toronto Raptors,67,23,44,48.4,117.3,32.4,69.8,7.6,4.9,16.1,15.0,13.8,54.0,2023
Portland Trail Blazers,67,19,48,48.6,116.8,29.7,68.9,7.8,4.5,19.3,14.4,17.2,54.4,2023
Charlotte Hornets,68,17,51,48.1,118.5,31.2,71.3,6.9,4.6,17.1,14.0,14.2,52.6,2023
San Antonio Spurs,67,14,53,48.1,117.2,33.1,71.4,7.2,6.3,18.3,14.5,14.4,54.7,2023
Detroit Pistons,66,12,54,48.2,118.5,33.0,73.3,6.2,4.9,19.8,13.7,14.1,54.5,2023
Washington Wizards,67,11,56,48.1,119.5,31.3,67.6,7.8,5.2,16.7,16.8,15.3,59.8,2023
Milwaukee Bucks,82,58,24,48.4,110.9,37.5,74.5,6.4,4.9,16.5,13.4,13.0,49.6,2022
Boston Celtics,82,57,25,48.7,110.6,35.6,74.6,6.4,5.2,15.4,12.7,13.2,48.9,2022
Philadelphia 76ers,82,54,28,48.5,112.7,32.2,72.1,7.7,4.7,16.5,12.7,15.5,48.1,2022
Denver Nuggets,82,53,29,48.2,113.5,32.9,72.7,7.5,4.5,17.4,13.4,13.7,52.5,2022
Cleveland Cavaliers,82,51,31,48.5,109.9,31.4,71.5,7.1,4.7,15.5,12.1,12.7,46.3,2022
Memphis Grizzlies,82,51,31,48.2,110.7,34.6,71.1,8.3,5.8,15.6,14.5,13.8,47.5,2022
Sacramento Kings,82,48,34,48.4,116.0,32.9,73.1,7.0,3.4,16.3,12.7,11.5,53.5,2022
New York Knicks,82,47,35,48.7,114.2,34.0,72.7,6.4,4.1,15.3,13.3,12.7,45.9,2022
Brooklyn Nets,82,45,37,48.1,113.5,32.3,68.9,7.1,6.2,16.8,14.6,13.3,50.1,2022
Phoenix Suns,82,45,37,48.2,112.3,32.4,71.4,7.1,5.3,16.1,13.9,13.2,48.6,2022
Golden State Warriors,82,44,38,48.4,113.4,34.1,71.9,7.2,4.0,19.4,13.3,14.1,49.8,2022
LA Clippers,82,44,38,48.4,113.6,33.4,73.1,7.1,4.4,18.1,13.3,14.6,51.1,2022
Miami Heat,82,44,38,48.3,112.8,30.9,73.3,8.0,3.0,15.9,12.0,12.5,46.2,2022
Los Angeles Lakers,82,43,39,48.5,113.2,35.7,72.7,6.4,4.6,17.0,13.9,15.4,52.8,2022
Minnesota Timberwolves,82,42,40,48.4,113.1,32.8,70.3,8.0,5.4,17.7,13.7,14.4,50.8,2022
New Orleans Pelicans,82,42,40,48.4,112.0,33.1,73.2,8.3,4.1,18.0,13.4,13.9,49.5,2022
Atlanta Hawks,82,41,41,48.4,115.4,33.2,71.7,7.1,4.9,15.7,14.1,15.4,54.7,2022
Toronto Raptors,82,41,41,48.3,113.1,30.3,72.1,9.4,5.2,14.5,11.4,15.1,49.1,2022
Chicago Bulls,82,40,42,48.5,111.5,33.9,73.6,7.9,4.5,15.6,11.9,12.9,46.9,2022
Oklahoma City Thunder,82,40,42,48.4,113.2,32.3,69.3,8.2,4.2,14.8,15.5,11.9,50.7,2022
Dallas Mavericks,82,38,44,48.6,116.1,31.2,71.7,6.3,3.7,15.0,14.5,13.3,51.1,2022
Utah Jazz,82,37,45,48.3,116.0,34.1,71.1,6.1,5.2,18.7,15.2,16.8,53.0,2022
Indiana Pacers,82,35,47,48.2,117.1,31.4,68.5,7.7,5.8,18.4,15.4,15.0,53.7,2022
Washington Wizards,82,35,47,48.2,114.9,34.2,72.4,6.8,5.2,17.0,14.3,13.7,51.5,2022
Orlando Magic,82,34,48,48.2,113.7,33.1,73.0,7.4,4.7,18.2,13.5,14.4,47.6,2022
Portland Trail Blazers,82,33,49,48.1,118.0,31.1,70.9,6.7,4.6,17.8,13.6,15.3,53.3,2022
Charlotte Hornets,82,27,55,48.4,114.7,33.5,71.7,7.7,5.2,16.9,14.3,12.2,52.8,2022
Houston Rockets,82,22,60,48.2,118.6,32.9,72.9,7.3,4.6,20.6,13.0,17.5,49.0,2022
San Antonio Spurs,82,22,60,48.4,119.6,31.9,70.9,7.0,3.9,19.0,14.7,15.3,56.7,2022
Detroit Pistons,82,17,65,48.3,117.8,31.3,70.2,7.0,3.8,18.1,14.8,13.5,54.0,2022
Phoenix Suns,82,64,18,48.1,106.8,35.5,72.8,8.6,4.4,14.8,13.6,11.3,45.2,2021
Memphis Grizzlies,82,56,26,48.2,108.9,35.0,72.6,9.8,6.5,14.5,13.0,13.2,47.4,2021
Golden State Warriors,82,53,29,48.1,106.6,35.7,73.6,8.8,4.5,16.9,12.7,12.3,43.9,2021
Miami Heat,82,53,29,48.4,108.4,33.9,73.5,7.4,3.2,16.7,12.6,12.2,41.3,2021
Dallas Mavericks,82,52,30,48.2,109.1,33.8,73.3,6.7,4.0,14.4,13.1,12.0,47.1,2021
Boston Celtics,82,51,31,48.5,106.2,35.5,72.5,7.2,5.8,15.2,12.5,11.5,42.5,2021
Milwaukee Bucks,82,51,31,48.2,111.1,36.5,74.7,7.6,4.0,15.6,12.9,11.5,43.7,2021
Philadelphia 76ers,82,51,31,48.3,110.2,33.8,72.4,7.7,5.3,14.9,13.0,15.0,46.7,2021
Utah Jazz,82,49,33,48.1,110.0,35.6,73.8,7.2,4.9,16.5,12.9,11.9,45.3,2021
Denver Nuggets,82,48,34,48.3,111.5,34.9,75.2,7.2,3.7,17.3,11.4,12.5,49.9,2021
Toronto Raptors,82,48,34,48.4,109.9,32.0,71.4,9.0,4.6,14.3,13.9,11.7,45.1,2021
Chicago Bulls,82,46,36,48.1,113.2,33.7,73.5,7.1,4.1,15.3,12.7,12.0,49.6,2021
Minnesota Timberwolves,82,46,36,48.2,111.0,32.9,70.6,8.8,5.6,16.2,14.1,14.1,46.1,2021
Brooklyn Nets,82,44,38,48.2,112.3,34.1,70.4,7.1,5.5,17.2,13.7,14.0,47.3,2021
Cleveland Cavaliers,82,44,38,48.1,108.9,34.0,72.4,7.1,4.2,17.4,12.5,12.2,46.6,2021
Atlanta Hawks,82,43,39,48.1,113.7,33.9,73.1,7.2,4.2,15.1,12.7,12.2,48.0,2021
Charlotte Hornets,82,43,39,48.5,113.1,33.7,70.6,8.6,4.9,16.3,15.0,13.9,48.1,2021
LA Clippers,82,42,40,48.2,109.5,34.9,70.6,7.4,5.0,16.5,15.0,13.0,50.1,2021
New York Knicks,82,37,45,48.2,110.2,34.6,74.0,7.0,4.9,15.4,12.3,11.3,43.2,2021
New Orleans Pelicans,82,36,46,48.2,112.0,33.2,74.2,8.3,4.0,16.1,12.6,11.2,45.3,2021
Washington Wizards,82,35,47,48.4,113.6,34.1,73.1,6.4,5.0,15.4,12.6,9.4,48.2,2021
San Antonio Spurs,82,34,48,48.3,111.7,34.3,71.1,7.6,4.9,15.3,14.9,11.8,50.2,2021
Los Angeles Lakers,82,33,49,48.7,112.8,34.5,72.0,7.6,5.2,17.1,13.4,15.0,51.5,2021
Sacramento Kings,82,30,52,48.3,114.8,33.4,71.4,7.2,4.5,17.9,14.8,13.4,51.4,2021
Portland Trail Blazers,82,27,55,48.1,116.3,32.5,72.1,8.0,4.5,17.5,13.0,14.3,47.5,2021
Indiana Pacers,82,25,57,48.5,115.5,32.6,72.5,7.1,5.6,17.1,13.6,13.4,51.5,2021
Oklahoma City Thunder,82,24,58,48.3,111.7,35.2,72.7,7.6,4.6,16.5,13.9,10.7,47.7,2021
Detroit Pistons,82,23,59,48.2,113.3,32.0,70.7,7.7,4.8,16.9,12.5,11.0,49.7,2021
Orlando Magic,82,22,60,48.2,112.1,35.2,73.5,6.8,4.5,16.8,13.4,12.2,44.5,2021
Houston Rockets,82,20,62,48.2,116.4,32.4,71.0,7.3,4.7,21.2,14.7,15.8,53.2,2021
Utah Jazz,72,52,20,48.2,107.5,37.6,75.7,6.6,5.2,17.0,12.4,12.1,49.1,2020
Phoenix Suns,72,51,21,48.6,110.4,34.2,74.1,7.2,4.3,14.8,12.4,12.0,47.4,2020
Philadelphia 76ers,72,49,23,48.4,107.0,35.0,73.7,9.1,6.2,17.2,11.6,14.3,46.0,2020
Brooklyn Nets,72,48,24,48.3,113.1,35.5,72.6,6.7,5.3,16.1,15.3,12.1,47.8,2020
Denver Nuggets,72,47,25,48.6,111.5,33.9,75.1,8.1,4.5,15.6,11.3,13.4,45.2,2020
LA Clippers,72,47,25,48.0,110.6,34.7,75.4,7.1,4.1,15.4,11.8,11.9,47.2,2020
Milwaukee Bucks,72,46,26,48.1,110.7,37.8,75.5,8.1,4.6,15.9,13.0,10.7,43.1,2020
Dallas Mavericks,72,42,30,48.1,112.3,34.2,73.4,6.3,4.3,14.6,13.1,12.4,45.2,2020
Los Angeles Lakers,72,42,30,48.5,106.8,34.6,74.8,7.8,5.4,16.6,11.3,12.2,48.2,2020
Portland Trail Blazers,72,42,30,48.1,115.3,33.9,73.1,6.9,5.0,14.1,13.8,13.7,47.3,2020
Atlanta Hawks,72,41,31,48.3,112.1,35.1,74.2,7.0,4.8,15.9,13.2,11.8,48.7,2020
New York Knicks,72,41,31,48.4,107.8,35.5,73.8,7.0,5.1,15.0,12.2,10.5,43.8,2020
Miami Heat,72,40,32,48.3,110.7,33.5,73.3,7.9,4.0,16.7,12.3,10.4,41.3,2020
Golden State Warriors,72,39,33,48.1,109.4,35.1,72.7,8.2,4.8,17.5,14.2,13.3,47.3,2020
Memphis Grizzlies,72,38,34,48.3,110.5,35.3,73.6,9.1,5.1,16.6,12.4,13.7,47.5,2020
Boston Celtics,72,36,36,48.3,111.8,33.6,73.7,7.7,5.3,15.8,13.2,11.8,44.3,2020
Indiana Pacers,72,34,38,48.5,111.9,33.7,70.1,8.5,6.4,16.0,15.3,13.7,53.8,2020
Washington Wizards,72,34,38,48.3,112.3,35.5,73.6,7.3,4.1,17.6,13.7,10.7,48.2,2020
Charlotte Hornets,72,33,39,48.2,112.0,33.2,72.2,7.8,4.8,16.9,13.2,13.2,47.2,2020
San Antonio Spurs,72,33,39,48.6,112.0,34.6,73.3,7.0,5.1,14.3,13.3,11.9,50.1,2020
Chicago Bulls,72,31,41,48.3,111.5,35.3,76.7,6.7,4.2,17.8,11.6,11.7,48.9,2020
New Orleans Pelicans,72,31,41,48.4,113.3,35.7,75.5,7.6,4.4,18.3,11.9,13.0,46.7,2020
Sacramento Kings,72,31,41,48.1,116.5,32.0,71.3,7.5,5.0,17.0,14.0,12.6,53.4,2020
Toronto Raptors,72,27,45,48.1,112.0,32.1,71.6,8.6,5.4,15.6,13.9,11.6,42.9,2020
Minnesota Timberwolves,72,23,49,48.3,114.5,33.0,71.7,8.8,5.5,16.8,14.5,14.0,49.8,2020
Cleveland Cavaliers,72,22,50,48.4,113.5,32.3,72.9,7.8,4.5,17.9,12.1,12.9,50.6,2020
Oklahoma City Thunder,72,22,50,48.2,113.4,35.7,74.2,7.0,4.4,20.0,13.4,11.6,49.5,2020
Orlando Magic,72,21,51,48.1,113.9,35.1,74.4,6.9,4.4,15.8,11.7,14.2,47.2,2020
Detroit Pistons,72,20,52,48.4,112.2,33.1,72.5,7.4,5.2,17.3,13.4,11.6,51.3,2020
Houston Rockets,72,17,55,48.1,114.4,33.3,72.3,7.6,5.0,17.5,13.1,14.7,50.0,2020
Milwaukee Bucks,73,56,17,48.2,102.5,42.2,77.5,7.2,5.9,16.9,11.3,13.6,38.7,2019
Toronto Raptors,72,53,19,48.3,104.7,35.9,72.1,8.8,5.0,16.9,13.5,12.7,41.5,2019
Los Angeles Lakers,71,52,19,48.1,106.1,35.1,73.7,8.6,6.6,17.4,12.0,16.5,45.8,2019
LA Clippers,72,49,23,48.3,106.9,37.0,73.7,7.1,4.7,16.5,12.4,13.3,44.6,2019
Boston Celtics,72,48,24,48.4,106.5,35.4,73.1,8.3,5.6,15.1,13.2,13.2,43.4,2019
Denver Nuggets,73,46,27,48.6,110.4,33.4,72.5,8.0,4.6,16.2,12.2,12.4,48.2,2019
Indiana Pacers,73,45,28,48.3,107.5,34.1,71.8,7.4,5.2,15.0,13.2,13.6,47.6,2019
Houston Rockets,72,44,28,48.3,109.8,34.5,71.3,8.7,5.2,17.8,14.1,15.1,51.5,2019
Miami Heat,73,44,29,48.6,109.3,35.9,75.3,7.5,4.5,17.9,12.8,11.4,44.1,2019
Oklahoma City Thunder,72,44,28,48.4,108.1,34.7,72.8,7.6,4.9,16.0,12.6,10.9,48.4,2019
Utah Jazz,72,44,28,48.2,109.3,35.8,74.6,6.1,4.1,17.1,12.1,12.5,47.4,2019
Dallas Mavericks,75,43,32,48.5,111.2,36.4,74.0,6.1,4.8,14.3,13.4,16.4,48.8,2019
Philadelphia 76ers,73,43,30,48.2,108.4,35.0,75.3,8.0,5.3,16.4,11.6,13.7,48.1,2019
Brooklyn Nets,72,35,37,48.6,109.2,37.3,73.6,6.4,4.5,17.0,13.2,13.1,46.4,2019
Portland Trail Blazers,74,35,39,48.2,114.3,35.1,71.2,6.3,6.1,14.5,15.5,14.8,47.0,2019
Memphis Grizzlies,73,34,39,48.1,109.7,36.2,73.3,7.9,5.5,17.9,13.6,13.9,45.3,2019
Phoenix Suns,73,34,39,48.2,110.8,33.8,73.4,7.7,4.0,16.6,12.5,12.7,49.8,2019
Orlando Magic,73,33,40,48.1,109.2,34.2,74.9,8.2,5.4,14.3,11.2,11.9,46.3,2019
San Antonio Spurs,71,32,39,48.5,112.6,35.6,75.1,7.3,5.5,15.1,13.6,13.0,48.2,2019
Sacramento Kings,72,31,41,48.5,111.4,32.9,73.6,7.7,4.1,16.5,11.9,12.1,46.6,2019
New Orleans Pelicans,72,30,42,48.4,111.8,35.4,72.9,7.5,5.0,19.6,13.6,15.4,52.2,2019
Washington Wizards,72,25,47,48.2,114.7,31.9,71.2,8.0,4.3,16.7,14.4,12.7,51.4,2019
Charlotte Hornets,65,23,42,48.5,112.8,31.8,70.6,6.6,4.1,16.8,13.2,11.8,50.5,2019
Chicago Bulls,65,22,43,48.2,108.9,31.4,71.9,10.0,4.1,17.8,12.7,12.5,49.6,2019
New York Knicks,66,21,45,48.4,112.4,34.5,74.2,7.6,4.7,17.5,12.6,12.8,43.8,2019
Atlanta Hawks,67,20,47,48.6,114.4,33.4,70.8,7.8,5.1,19.5,15.0,14.8,53.6,2019
Detroit Pistons,66,20,46,48.4,112.3,32.0,71.7,7.4,4.5,17.3,13.2,12.7,52.0,2019
Cleveland Cavaliers,65,19,46,48.4,114.8,33.4,73.8,6.9,3.2,20.0,12.7,14.4,53.6,2019
Minnesota Timberwolves,64,19,45,48.6,111.6,34.3,73.1,8.7,5.7,17.8,13.5,13.0,51.2,2019
Golden State Warriors,65,15,50,48.4,113.0,32.9,72.2,8.2,4.6,18.0,13.5,15.0,48.8,2019
Milwaukee Bucks,82,60,22,48.2,104.9,40.4,75.7,7.5,5.9,14.6,12.1,11.0,42.2,2018
Toronto Raptors,82,58,24,48.5,106.8,35.6,72.6,8.3,5.3,15.9,12.9,13.5,47.5,2018
Golden State Warriors,82,57,25,48.3,108.6,36.5,72.7,7.6,6.4,17.4,13.8,15.1,47.1,2018
Denver Nuggets,82,54,28,48.1,108.1,34.5,74.4,7.7,4.4,15.0,12.1,12.2,48.9,2018
Houston Rockets,82,53,29,48.4,110.1,31.9,70.0,8.5,4.9,16.3,13.7,13.8,51.8,2018
Portland Trail Blazers,82,53,29,48.4,109.5,36.2,73.9,6.7,5.0,15.3,13.7,14.1,47.8,2018
Philadelphia 76ers,82,51,31,48.3,109.0,36.9,74.1,7.4,5.3,17.3,12.3,14.7,51.2,2018
Utah Jazz,82,50,32,48.2,105.3,36.4,75.9,8.1,5.9,16.9,11.2,11.4,47.7,2018
Boston Celtics,82,49,33,48.2,107.0,34.7,72.8,8.6,5.3,14.8,13.5,13.2,45.9,2018
Oklahoma City Thunder,82,49,33,48.4,106.5,35.5,73.8,9.3,5.2,16.0,12.5,12.3,48.4,2018
Indiana Pacers,82,48,34,48.1,106.0,33.7,72.2,8.7,4.9,14.9,13.3,14.0,44.8,2018
LA Clippers,82,48,34,48.4,110.4,35.8,72.2,6.8,4.7,17.7,13.8,14.8,51.1,2018
San Antonio Spurs,82,48,34,48.3,110.6,35.5,74.4,6.1,4.7,15.0,12.6,14.1,46.6,2018
Brooklyn Nets,82,42,40,48.7,109.0,35.6,72.0,6.6,4.1,17.3,14.4,11.8,51.2,2018
Orlando Magic,82,42,40,48.2,107.6,35.4,75.4,6.6,5.4,14.7,10.9,12.7,47.2,2018
Detroit Pistons,82,41,41,48.4,108.7,33.6,74.5,6.9,4.0,16.0,11.3,11.9,49.9,2018
Charlotte Hornets,82,39,43,48.4,112.0,33.9,73.1,7.2,4.9,13.7,13.4,13.3,49.0,2018
Miami Heat,82,39,43,48.1,107.1,35.1,73.1,7.6,5.5,17.1,13.7,12.5,42.3,2018
Sacramento Kings,82,39,43,48.1,110.8,34.4,71.3,8.3,4.4,16.4,14.4,14.2,51.2,2018
Los Angeles Lakers,82,37,45,48.2,108.9,36.4,72.5,7.5,5.4,18.5,14.0,15.9,50.3,2018
Minnesota Timberwolves,82,36,46,48.4,112.2,33.5,70.9,8.3,5.0,15.1,14.8,13.6,48.9,2018
Dallas Mavericks,82,33,49,48.2,110.1,35.2,73.4,6.5,4.3,15.6,13.0,16.7,47.7,2018
Memphis Grizzlies,82,33,49,48.5,108.0,33.0,72.4,8.3,5.5,16.6,11.6,16.3,42.7,2018
New Orleans Pelicans,82,33,49,48.2,112.0,36.2,72.9,7.4,5.4,18.0,13.7,15.7,51.6,2018
Washington Wizards,82,32,50,48.6,112.9,32.7,70.6,8.3,4.6,17.0,14.1,14.0,52.1,2018
Atlanta Hawks,82,29,53,48.4,113.1,34.5,71.8,8.2,5.1,21.1,14.6,16.5,49.3,2018
Chicago Bulls,82,22,60,48.5,112.8,34.1,72.7,7.4,4.3,16.6,13.4,13.0,49.1,2018
Cleveland Cavaliers,82,19,63,48.2,116.8,31.9,73.2,6.5,2.4,16.8,12.7,14.0,50.0,2018
Phoenix Suns,82,19,63,48.5,114.2,31.3,68.3,9.0,5.1,19.5,15.5,15.8,53.0,2018
New York Knicks,82,17,65,48.2,112.9,34.3,71.7,6.8,5.1,16.4,14.1,11.7,50.6,2018
Houston Rockets,82,65,17,48.2,105.7,34.5,75.0,8.5,4.8,15.8,11.9,11.9,48.0,2017
Toronto Raptors,82,59,23,48.4,105.3,34.2,72.5,7.6,6.1,15.0,13.2,11.6,45.3,2017
Golden State Warriors,82,58,24,48.1,106.8,35.1,71.2,8.0,7.5,18.5,13.7,14.1,47.4,2017
Boston Celtics,82,55,27,48.3,103.2,35.1,73.9,7.4,4.5,15.6,11.2,10.4,43.8,2017
Philadelphia 76ers,82,52,30,48.2,103.9,36.5,73.6,8.3,5.1,18.5,12.3,10.3,41.6,2017
Cleveland Cavaliers,82,50,32,48.1,111.1,33.7,73.0,7.1,3.8,16.5,12.7,11.3,47.0,2017
Portland Trail Blazers,82,49,33,48.2,105.7,35.3,74.6,7.0,5.2,14.9,11.7,11.3,42.1,2017
Indiana Pacers,82,48,34,48.2,107.3,32.7,72.1,8.8,4.1,14.8,12.8,12.3,44.8,2017
New Orleans Pelicans,82,48,34,48.7,107.4,35.6,72.6,8.0,5.9,17.3,13.8,14.2,47.7,2017
Oklahoma City Thunder,82,48,34,48.4,106.4,32.6,72.5,9.1,5.0,14.4,12.8,11.2,43.5,2017
Utah Jazz,82,48,34,48.2,103.0,34.2,75.6,8.6,5.1,16.4,10.8,9.5,41.8,2017
Minnesota Timberwolves,82,47,35,48.3,110.2,31.6,72.0,8.4,4.2,15.2,13.0,12.9,45.7,2017
San Antonio Spurs,82,47,35,48.1,104.1,33.9,74.1,7.7,5.6,15.0,12.2,12.5,44.1,2017
Denver Nuggets,82,46,36,48.5,110.0,33.5,73.6,7.6,4.9,18.7,11.2,13.0,47.3,2017
Miami Heat,82,44,38,48.6,105.8,34.2,74.1,7.6,5.3,15.6,11.8,11.0,43.5,2017
Milwaukee Bucks,82,44,38,48.4,109.1,31.5,70.9,8.8,5.4,15.8,13.0,10.1,47.3,2017
Washington Wizards,82,43,39,48.4,107.7,33.1,73.2,7.9,4.3,17.1,13.1,11.0,45.4,2017
LA Clippers,82,42,40,48.1,109.2,33.7,71.8,7.7,4.5,17.4,13.2,15.4,44.8,2017
Detroit Pistons,82,39,43,48.3,106.7,33.6,74.0,7.7,3.9,14.9,11.2,9.9,43.6,2017
Charlotte Hornets,82,36,46,48.2,109.0,35.4,76.3,6.8,4.5,14.8,10.7,10.7,45.2,2017
Los Angeles Lakers,82,35,47,48.5,107.3,35.7,72.9,7.7,4.7,18.2,13.5,12.7,49.0,2017
New York Knicks,82,29,53,48.4,109.7,33.6,72.7,6.7,5.1,17.4,13.2,11.4,43.4,2017
Brooklyn Nets,82,28,54,48.4,109.7,34.8,73.1,6.2,4.8,17.3,13.6,11.6,47.8,2017
Chicago Bulls,82,27,55,48.4,110.5,35.0,76.7,7.6,3.5,16.3,11.2,11.3,44.5,2017
Sacramento Kings,82,27,55,48.2,110.4,31.4,73.1,7.8,4.1,15.7,11.6,12.3,42.2,2017
Orlando Magic,82,25,57,48.1,109.4,32.8,71.4,7.6,4.9,17.0,12.8,12.9,48.3,2017
Atlanta Hawks,82,24,58,48.1,110.1,32.8,71.9,7.8,4.2,17.9,12.9,13.0,44.4,2017
Dallas Mavericks,82,24,58,48.3,108.4,33.1,74.9,7.0,3.8,13.9,11.4,14.3,42.2,2017
Memphis Grizzlies,82,22,60,48.1,110.4,31.0,72.1,7.5,4.8,17.3,11.8,14.3,42.1,2017
Phoenix Suns,82,21,61,48.1,111.7,33.9,72.4,6.9,4.5,18.6,13.2,14.6,47.1,2017
Golden State Warriors,82,67,15,48.2,103.4,35.0,70.9,9.6,6.8,16.7,14.0,14.4,45.4,2016
San Antonio Spurs,82,61,21,48.3,102.9,33.9,73.0,8.0,5.9,14.7,12.4,12.6,40.8,2016
Houston Rockets,82,55,27,48.2,108.4,33.5,71.7,8.2,4.3,17.5,13.8,14.3,49.0,2016
Boston Celtics,82,53,29,48.2,108.0,32.9,70.5,7.5,4.1,15.2,13.9,12.2,43.2,2016
Cleveland Cavaliers,82,51,31,48.5,109.7,34.4,72.2,6.6,4.0,16.6,13.7,13.3,44.5,2016
LA Clippers,82,51,31,48.2,107.5,34.0,73.3,7.5,4.2,15.2,12.7,14.3,42.7,2016
Toronto Raptors,82,51,31,48.2,107.1,32.6,71.7,8.3,4.9,14.9,13.1,11.5,41.7,2016
Utah Jazz,82,51,31,48.2,104.7,33.8,74.3,6.7,5.0,15.2,10.7,10.5,41.0,2016
Washington Wizards,82,49,33,48.4,108.8,32.6,71.6,8.5,4.1,16.4,13.8,12.1,43.9,2016
Oklahoma City Thunder,82,47,35,48.3,107.1,34.4,74.2,7.9,5.0,16.9,12.2,11.1,47.5,2016
Atlanta Hawks,82,43,39,48.5,105.2,34.1,71.7,8.2,4.8,17.4,13.2,12.8,39.1,2016
Memphis Grizzlies,82,43,39,48.5,106.5,32.0,73.1,8.0,4.2,14.8,11.5,14.6,37.8,2016
Indiana Pacers,82,42,40,48.4,108.1,33.0,71.3,8.2,5.0,16.2,12.9,10.6,39.7,2016
Milwaukee Bucks,82,42,40,48.2,108.7,31.6,70.6,8.1,5.3,16.2,12.7,11.7,43.7,2016
Chicago Bulls,82,41,41,48.2,106.2,34.1,73.3,7.8,4.8,15.5,11.9,13.7,45.2,2016
Miami Heat,82,41,41,48.2,106.4,33.0,71.8,7.2,5.7,13.9,12.8,10.3,44.5,2016
Portland Trail Blazers,82,41,41,48.6,110.0,33.5,72.0,7.0,5.0,15.7,12.6,12.7,42.9,2016
Denver Nuggets,82,40,42,48.2,111.7,34.6,75.3,6.9,3.9,18.0,12.2,14.3,47.4,2016
Detroit Pistons,82,37,45,48.3,106.7,34.6,77.5,7.0,3.8,12.7,10.1,10.7,41.2,2016
Charlotte Hornets,82,36,46,48.4,108.4,34.8,74.9,7.0,4.8,13.1,11.4,12.9,40.5,2016
New Orleans Pelicans,82,34,48,48.5,106.8,35.1,72.8,7.8,5.5,15.6,12.4,13.6,44.1,2016
Dallas Mavericks,82,33,49,48.2,107.7,30.7,73.3,7.5,3.7,14.0,11.6,13.6,39.5,2016
Sacramento Kings,82,32,50,48.5,110.8,32.3,72.3,7.6,4.0,17.4,12.5,14.7,40.7,2016
Minnesota Timberwolves,82,31,51,48.3,110.9,31.0,71.0,8.0,4.5,17.2,13.4,13.9,46.2,2016
New York Knicks,82,31,51,48.4,110.7,33.2,69.8,7.1,5.5,16.5,14.7,14.0,46.1,2016
Orlando Magic,82,29,53,48.3,110.3,33.3,72.6,7.1,4.8,15.9,13.3,13.0,46.6,2016
Philadelphia 76ers,82,28,54,48.4,108.2,33.0,70.9,8.4,5.1,18.5,13.4,15.3,45.1,2016
Los Angeles Lakers,82,26,56,48.1,112.0,32.1,71.7,8.2,3.9,18.0,13.3,16.2,47.4,2016
Phoenix Suns,82,24,58,48.4,111.3,33.1,71.8,8.2,4.9,18.1,13.5,16.0,44.0,2016
Brooklyn Nets,82,20,62,48.2,110.1,35.1,71.6,7.2,4.7,19.1,14.3,14.0,45.0,2016
Golden State Warriors,82,73,9,48.5,102.8,36.2,72.0,8.4,6.1,16.6,13.8,14.5,45.1,2015
San Antonio Spurs,82,67,15,48.1,98.2,34.5,74.6,8.3,5.9,13.5,10.6,12.1,40.1,2015
Cleveland Cavaliers,82,57,25,48.4,103.9,33.9,74.2,6.7,3.9,15.5,11.2,11.2,40.8,2015
Toronto Raptors,82,56,26,48.2,104.8,33.2,73.6,7.8,5.5,14.2,11.6,11.0,40.1,2015
Oklahoma City Thunder,82,55,27,48.4,104.8,35.6,72.0,7.4,5.9,17.6,13.9,13.2,45.2,2015
LA Clippers,82,53,29,48.4,102.7,33.3,69.7,8.6,5.6,14.5,13.8,12.4,41.3,2015
Atlanta Hawks,82,48,34,48.4,100.8,33.8,69.8,9.1,5.9,16.0,13.1,11.9,40.9,2015
Boston Celtics,82,48,34,48.2,102.5,33.3,70.7,9.2,4.2,14.8,14.2,10.8,43.0,2015
Charlotte Hornets,82,48,34,48.4,103.7,35.0,75.4,7.3,5.3,14.1,11.4,12.4,40.0,2015
Miami Heat,82,48,34,48.4,103.7,34.3,72.9,6.7,6.5,15.6,13.0,10.7,42.0,2015
Indiana Pacers,82,45,37,48.5,102.2,33.9,71.4,9.0,4.8,16.3,13.0,12.2,41.6,2015
Detroit Pistons,82,44,38,48.5,104.9,33.9,75.3,7.0,3.7,14.6,10.7,10.4,44.4,2015
Portland Trail Blazers,82,44,38,48.3,106.8,33.9,72.8,6.9,4.6,16.3,12.4,11.1,40.9,2015
Chicago Bulls,82,42,40,48.5,105.5,35.2,71.4,6.0,5.7,16.0,14.3,13.8,44.4,2015
Dallas Mavericks,82,42,40,48.8,105.9,33.9,72.3,6.8,3.7,14.8,13.4,16.0,40.9,2015
Memphis Grizzlies,82,42,40,48.4,107.1,30.5,70.9,8.8,4.3,15.1,11.8,14.6,38.5,2015
Houston Rockets,82,41,41,48.4,107.3,31.7,69.2,10.0,5.2,19.5,14.7,14.4,44.6,2015
Washington Wizards,82,41,41,48.2,105.1,32.8,73.7,8.6,3.9,15.7,11.7,12.7,41.2,2015
Utah Jazz,82,40,42,48.7,103.2,32.5,73.1,7.7,5.2,16.0,11.5,11.7,39.6,2015
Orlando Magic,82,35,47,48.5,106.0,33.0,72.6,8.2,5.1,16.0,11.4,13.2,43.5,2015
Denver Nuggets,82,33,49,48.4,108.2,33.1,73.2,7.4,4.8,16.8,12.1,13.0,43.1,2015
Milwaukee Bucks,82,33,49,48.4,107.8,31.2,68.9,8.2,5.8,17.7,14.1,13.0,44.0,2015
Sacramento Kings,82,33,49,48.3,107.6,33.7,71.7,8.9,4.5,18.6,13.6,15.0,43.6,2015
New York Knicks,82,32,50,48.3,106.7,34.0,71.8,5.7,5.7,15.4,12.7,12.8,43.1,2015
New Orleans Pelicans,82,30,52,48.2,108.4,33.1,74.8,7.7,4.2,14.9,11.3,11.7,43.2,2015
Minnesota Timberwolves,82,29,53,48.5,109.0,31.5,70.2,8.0,4.6,17.8,13.2,13.4,46.1,2015
Phoenix Suns,82,23,59,48.1,107.9,33.3,73.3,7.7,3.8,20.2,12.6,17.3,43.8,2015
Brooklyn Nets,82,21,61,48.2,109.7,31.9,71.6,7.6,4.0,18.3,12.1,14.5,47.9,2015
Los Angeles Lakers,82,17,65,48.1,110.3,32.3,71.2,7.2,4.1,16.5,14.3,17.0,47.8,2015
Philadelphia 76ers,82,10,72,48.3,108.6,31.8,69.3,8.3,6.0,20.0,14.7,16.7,45.6,2015
Golden State Warriors,82,67,15,48.1,100.4,34.3,70.3,9.3,6.0,15.2,14.2,13.9,41.6,2014
Atlanta Hawks,82,60,22,48.1,102.3,31.8,69.7,9.1,4.6,15.7,14.2,11.2,39.4,2014
Houston Rockets,82,56,26,48.3,102.6,32.0,68.6,9.5,5.0,18.3,14.0,15.3,44.1,2014
Los Angeles Clippers,82,56,26,48.1,104.7,33.1,71.6,7.8,5.0,14.9,12.8,12.3,38.8,2014
Memphis Grizzlies,82,55,27,48.5,101.2,32.1,71.6,8.5,4.2,14.1,11.6,13.4,39.0,2014
San Antonio Spurs,82,55,27,48.7,101.4,33.8,73.0,8.0,5.4,15.1,11.9,14.1,42.5,2014
Cleveland Cavaliers,82,53,29,48.2,105.3,31.9,71.1,7.4,4.1,16.2,12.4,11.8,42.7,2014
Portland Trail Blazers,82,51,31,48.4,102.8,35.1,72.8,6.4,4.5,15.1,13.8,13.3,43.1,2014
Chicago Bulls,82,50,32,48.5,103.3,34.0,70.9,6.3,5.8,15.3,13.2,13.0,40.8,2014
Dallas Mavericks,82,50,32,48.5,104.9,31.8,68.1,8.1,4.5,15.2,14.0,15.9,40.9,2014
Toronto Raptors,82,49,33,48.4,107.1,30.8,68.9,7.5,4.4,15.0,14.1,12.4,43.7,2014
Washington Wizards,82,46,36,48.7,102.4,34.2,72.6,7.3,4.6,16.3,12.6,11.7,38.3,2014
New Orleans Pelicans,82,45,37,48.2,106.3,32.0,71.2,6.7,6.2,14.8,12.9,13.7,46.5,2014
Oklahoma City Thunder,82,45,37,48.4,104.6,34.7,73.0,7.3,5.5,16.5,12.8,12.5,42.8,2014
Milwaukee Bucks,82,41,41,48.6,101.4,31.4,68.6,9.6,4.9,16.8,13.3,10.7,39.8,2014
Boston Celtics,82,40,42,48.5,103.5,32.7,71.0,8.2,3.6,16.2,13.5,10.9,44.6,2014
Phoenix Suns,82,39,43,48.5,105.3,32.2,69.8,8.5,4.7,17.2,14.4,15.2,45.3,2014
Brooklyn Nets,82,38,44,48.6,106.3,32.0,70.1,7.0,4.1,15.6,14.0,13.8,43.6,2014
Indiana Pacers,82,38,44,48.4,102.7,34.4,73.5,6.2,4.6,15.5,11.8,13.0,38.3,2014
Utah Jazz,82,38,44,48.1,104.1,31.9,71.5,7.6,6.0,17.4,12.5,12.6,39.5,2014
Miami Heat,82,37,45,48.1,106.1,30.0,68.7,7.8,4.5,16.9,13.3,11.4,41.0,2014
Charlotte Hornets,82,33,49,48.5,103.0,34.1,74.6,6.1,5.5,12.8,12.6,11.0,38.5,2014
Detroit Pistons,82,32,50,48.4,105.4,32.1,71.2,7.6,4.7,15.8,13.5,11.3,43.0,2014
Denver Nuggets,82,30,52,48.5,107.1,32.4,70.0,7.8,4.5,16.4,14.1,13.2,42.9,2014
Sacramento Kings,82,29,53,48.4,108.2,33.3,71.5,6.7,4.0,18.6,13.6,16.8,43.9,2014
Orlando Magic,82,25,57,48.2,106.8,31.8,71.6,7.9,3.8,16.9,11.7,12.3,41.0,2014
Los Angeles Lakers,82,21,61,48.6,109.4,32.3,72.0,7.0,4.5,15.9,12.5,15.1,45.1,2014
Philadelphia 76ers,82,18,64,48.3,103.9,30.9,68.6,9.6,5.9,20.6,14.0,14.6,41.7,2014
New York Knicks,82,17,65,48.4,109.0,29.8,69.1,7.0,4.7,17.1,12.5,12.3,41.1,2014
Minnesota Timberwolves,82,16,66,48.3,110.9,29.3,68.2,8.1,4.0,17.4,14.9,14.3,48.0,2014
San Antonio Spurs,82,62,20,48.2,101.4,34.0,72.5,7.4,5.1,16.3,12.7,12.8,42.2,2013
Oklahoma City Thunder,82,59,23,48.3,103.0,33.9,72.2,8.3,6.1,17.3,12.3,12.8,39.7,2013
Los Angeles Clippers,82,57,25,48.2,104.0,32.5,69.0,8.6,4.8,15.6,14.2,11.1,44.6,2013
Indiana Pacers,82,56,26,48.2,98.9,34.5,72.1,6.7,5.4,15.4,11.7,11.7,35.7,2013
Houston Rockets,82,54,28,48.4,105.2,34.1,70.0,7.6,5.6,18.0,14.6,13.8,44.0,2013
Miami Heat,82,54,28,48.5,105.0,29.2,68.6,8.9,4.5,17.4,13.3,12.0,41.1,2013
Portland Trail Blazers,82,54,28,48.4,106.2,34.0,71.3,5.5,4.7,15.6,14.0,13.3,45.6,2013
Golden State Warriors,82,51,31,48.4,101.4,34.4,72.4,7.8,5.0,17.0,13.0,13.3,40.7,2013
Memphis Grizzlies,82,50,32,48.3,103.8,30.8,71.8,7.7,4.6,15.6,11.5,13.4,38.6,2013
Dallas Mavericks,82,49,33,48.4,107.2,30.7,69.4,8.6,4.3,16.2,13.5,15.6,43.6,2013
Chicago Bulls,82,48,34,48.6,99.9,32.7,71.3,7.2,5.2,15.6,11.7,12.4,37.0,2013
Phoenix Suns,82,48,34,48.2,105.6,31.7,69.9,8.4,4.6,16.9,14.3,14.1,45.5,2013
Toronto Raptors,82,48,34,48.7,104.6,31.1,70.1,7.0,4.2,16.8,13.1,12.1,42.9,2013
Brooklyn Nets,82,44,38,48.5,106.7,29.4,68.6,8.6,3.8,16.6,12.8,13.0,41.1,2013
Washington Wizards,82,44,38,48.9,103.6,31.4,71.9,8.1,4.6,16.8,12.9,12.3,41.9,2013
Charlotte Bobcats,82,43,39,48.5,103.3,33.2,73.0,6.1,5.1,14.0,12.6,10.2,38.8,2013
Minnesota Timberwolves,82,40,42,48.4,105.2,32.2,71.5,8.8,3.6,15.9,12.9,16.3,46.1,2013
Atlanta Hawks,82,38,44,48.4,105.7,31.3,71.1,8.3,4.0,17.3,13.1,12.4,42.5,2013
New York Knicks,82,37,45,48.4,108.1,29.7,70.5,7.7,4.5,15.0,12.7,11.7,39.5,2013
Denver Nuggets,82,36,46,48.2,107.3,33.1,70.3,7.5,5.6,17.6,14.1,13.5,45.3,2013
New Orleans Pelicans,82,34,48,48.4,109.1,30.3,69.4,7.9,6.4,16.1,12.9,13.5,43.8,2013
Cleveland Cavaliers,82,33,49,48.6,107.0,32.1,71.1,7.1,3.7,16.6,12.6,12.1,38.9,2013
Detroit Pistons,82,29,53,48.2,109.0,30.8,69.3,8.4,4.8,16.9,14.0,14.1,44.3,2013
Sacramento Kings,82,28,54,48.4,107.8,32.4,72.5,7.2,3.9,17.1,11.9,15.3,41.9,2013
Los Angeles Lakers,82,27,55,48.1,109.3,32.0,67.6,7.5,5.4,18.3,15.8,16.7,49.2,2013
Boston Celtics,82,25,57,48.1,106.5,30.5,70.8,7.1,4.2,16.5,13.8,13.3,44.8,2013
Utah Jazz,82,25,57,48.2,110.1,30.2,70.8,7.0,4.5,17.4,12.3,15.6,45.8,2013
Orlando Magic,82,23,59,48.7,106.6,32.4,71.4,7.7,4.3,16.7,13.0,13.2,39.9,2013
Philadelphia 76ers,82,19,63,48.4,109.0,31.2,68.4,9.3,4.0,19.2,14.1,16.6,44.2,2013
Milwaukee Bucks,82,15,67,48.5,110.2,29.3,67.8,6.6,4.9,17.8,13.2,12.9,42.4,2013
Miami Heat,82,66,16,48.5,103.2,30.4,67.8,8.7,5.4,15.7,14.7,11.9,39.9,2012
Oklahoma City Thunder,82,60,22,48.4,101.2,33.2,70.2,8.3,7.6,16.7,13.6,12.5,40.7,2012
San Antonio Spurs,82,58,24,48.5,100.3,33.2,71.5,8.5,5.4,16.4,12.5,14.2,40.0,2012
Denver Nuggets,82,57,25,48.5,104.2,31.7,67.5,9.3,6.5,17.3,14.8,12.2,40.7,2012
Los Angeles Clippers,82,56,26,48.1,102.8,30.2,69.7,9.6,5.6,16.0,13.0,12.3,37.2,2012
Memphis Grizzlies,82,56,26,48.3,99.1,29.8,70.2,8.6,5.3,14.9,11.9,12.4,38.0,2012
New York Knicks,82,54,28,48.1,105.4,29.7,70.8,8.2,3.6,13.5,12.4,12.1,39.7,2012
Brooklyn Nets,82,49,33,48.4,104.8,30.0,70.1,7.3,4.8,16.9,12.4,13.9,43.4,2012
Indiana Pacers,81,49,32,48.4,99.0,33.0,70.1,7.2,6.3,16.0,12.9,10.1,35.5,2012
Golden State Warriors,82,47,35,48.3,104.2,34.2,71.2,6.9,4.2,17.3,13.9,13.8,40.4,2012
Chicago Bulls,82,45,37,48.4,101.9,30.7,69.9,7.2,5.1,15.4,12.7,13.1,39.3,2012
Houston Rockets,82,45,37,48.2,105.3,32.3,71.0,8.3,4.4,18.4,12.6,14.2,41.9,2012
Los Angeles Lakers,82,45,37,48.2,105.9,33.3,70.2,7.0,5.2,16.7,13.8,15.9,44.1,2012
Atlanta Hawks,82,44,38,48.4,103.4,31.6,70.1,8.1,4.5,16.7,13.2,12.0,41.0,2012
Utah Jazz,82,43,39,48.5,105.6,30.0,69.7,8.4,6.3,16.9,12.5,13.4,42.6,2012
Boston Celtics,81,41,40,49.0,102.6,31.3,69.0,8.2,4.5,16.9,14.2,12.1,42.7,2012
Dallas Mavericks,82,41,41,48.7,105.4,32.6,69.8,7.9,5.5,17.1,13.6,14.0,41.1,2012
Milwaukee Bucks,82,38,44,48.4,104.2,30.9,67.8,8.4,6.7,16.8,14.6,15.1,46.2,2012
Philadelphia 76ers,82,34,48,48.2,104.7,30.4,69.5,7.4,4.7,14.5,12.2,12.5,40.2,2012
Toronto Raptors,82,34,48,48.7,106.4,29.6,68.8,7.3,4.8,15.5,13.1,11.9,42.5,2012
Portland Trail Blazers,82,33,49,48.4,107.9,30.2,70.2,6.6,4.3,17.2,13.4,14.6,47.4,2012
Minnesota Timberwolves,82,31,51,48.1,104.0,30.2,70.2,8.5,4.7,16.5,12.7,14.0,42.3,2012
Detroit Pistons,82,29,53,48.3,107.2,30.0,69.5,7.0,4.9,17.8,13.5,13.5,42.9,2012
Washington Wizards,82,29,53,48.4,101.6,32.3,70.6,7.3,4.6,16.8,12.6,12.0,38.1,2012
Sacramento Kings,82,28,54,48.4,110.0,29.1,67.3,8.2,4.2,17.6,14.2,16.7,45.2,2012
New Orleans Hornets,82,27,55,48.2,108.9,29.6,70.5,6.3,5.4,17.3,12.8,13.2,43.2,2012
Phoenix Suns,82,25,57,48.3,106.9,29.9,68.7,8.0,5.3,18.6,13.5,14.9,45.6,2012
Cleveland Cavaliers,82,24,58,48.1,108.2,28.8,69.5,7.9,4.1,16.2,13.6,13.1,42.5,2012
Charlotte Bobcats,82,21,61,48.3,110.3,29.1,67.9,7.2,5.8,17.0,14.0,13.8,43.9,2012
Orlando Magic,82,20,62,48.2,108.4,31.9,70.7,6.4,4.4,16.8,12.7,12.6,42.8,2012
Chicago Bulls,66,50,16,48.3,97.5,32.8,70.3,6.9,5.9,15.4,11.9,12.1,38.2,2011
San Antonio Spurs,66,50,16,48.3,102.3,32.6,72.0,7.4,4.4,15.2,11.1,14.0,40.5,2011
Oklahoma City Thunder,66,47,19,48.5,102.1,32.7,68.7,7.5,8.2,16.7,14.7,12.3,42.4,2011
Miami Heat,66,46,20,48.6,99.2,31.2,69.3,8.9,5.4,16.6,13.1,11.9,36.6,2011
Indiana Pacers,66,42,24,48.5,102.1,31.4,68.9,7.9,5.4,15.1,13.0,12.5,38.1,2011
Los Angeles Lakers,66,41,25,48.7,103.2,34.1,71.9,5.9,5.3,16.6,12.7,15.1,40.4,2011
Memphis Grizzlies,66,41,25,48.3,100.6,29.5,68.8,9.6,5.2,16.0,12.5,12.1,40.3,2011
Atlanta Hawks,66,40,26,49.0,100.4,31.3,70.3,8.1,4.6,16.0,12.6,12.0,40.5,2011
Los Angeles Clippers,66,40,26,48.4,104.8,29.4,69.2,8.4,4.8,15.1,12.9,12.3,38.6,2011
Boston Celtics,66,39,27,48.3,97.5,31.1,68.6,7.5,5.5,16.2,13.5,11.5,39.8,2011
Denver Nuggets,66,38,28,48.6,105.1,31.9,70.5,8.2,5.0,17.3,12.6,12.2,39.5,2011
Orlando Magic,66,37,29,48.4,103.4,31.2,72.0,6.8,4.2,16.2,11.8,10.9,37.4,2011
Dallas Mavericks,66,36,30,48.7,100.9,32.7,71.4,8.6,5.1,15.8,12.3,14.4,38.9,2011
New York Knicks,66,36,30,48.3,100.2,30.5,70.2,9.4,4.2,17.8,12.6,12.4,38.9,2011
Utah Jazz,66,36,30,49.0,104.9,31.1,70.3,8.3,5.8,15.3,12.2,14.4,42.3,2011
Philadelphia 76ers,66,35,31,48.2,98.2,32.5,71.2,8.0,5.2,11.6,11.7,10.2,36.4,2011
Houston Rockets,66,34,32,48.7,104.0,30.5,69.2,7.5,4.8,16.7,13.3,13.7,44.5,2011
Phoenix Suns,66,33,33,48.0,105.2,30.8,68.7,6.5,5.5,15.2,14.2,12.6,43.4,2011
Milwaukee Bucks,66,31,35,48.1,104.1,30.0,67.5,8.3,5.1,16.5,13.8,13.4,41.4,2011
Portland Trail Blazers,66,28,38,48.4,105.3,29.5,69.1,8.0,4.9,16.0,13.4,14.3,42.2,2011
Minnesota Timberwolves,66,26,40,48.3,105.3,31.7,69.3,6.6,4.4,18.4,14.0,15.8,44.1,2011
Detroit Pistons,66,25,41,48.4,105.0,28.5,68.9,7.0,4.2,18.4,12.2,14.0,40.1,2011
Golden State Warriors,66,23,43,48.2,107.3,29.5,65.8,8.0,5.5,16.2,15.3,14.4,43.1,2011
Toronto Raptors,66,23,43,48.4,103.6,31.4,70.8,6.5,4.9,15.4,12.3,12.5,37.6,2011
New Jersey Nets,66,22,44,48.2,108.1,28.5,67.7,7.5,3.9,17.7,13.6,14.8,44.2,2011
Sacramento Kings,66,22,44,48.2,108.7,29.5,67.0,8.5,4.9,17.8,14.4,17.1,48.2,2011
Cleveland Cavaliers,66,21,45,48.4,107.6,29.5,68.3,7.1,4.0,16.9,14.5,11.7,43.6,2011
New Orleans Hornets,66,21,45,48.3,103.9,30.2,69.6,7.4,4.8,17.7,13.3,12.9,40.9,2011
Washington Wizards,66,20,46,48.1,104.9,29.9,67.8,8.0,6.3,18.2,14.5,14.5,40.7,2011
Charlotte Bobcats,66,7,59,48.2,109.4,28.7,67.8,6.0,5.5,17.2,15.4,16.0,48.3,2011
Chicago Bulls,82,62,20,48.4,99.5,32.4,71.7,7.2,5.7,15.4,11.9,13.0,36.2,2010
San Antonio Spurs,82,61,21,48.2,104.4,31.7,71.1,7.3,4.5,15.3,13.2,14.0,41.2,2010
Miami Heat,82,58,24,48.2,102.9,32.5,71.5,6.6,5.2,15.5,12.8,13.0,38.6,2010
Dallas Mavericks,82,57,25,48.1,104.1,31.9,71.3,6.8,4.3,15.4,12.6,13.9,42.0,2010
Los Angeles Lakers,82,57,25,48.4,103.3,31.9,69.2,7.3,5.1,14.7,13.8,13.7,39.9,2010
Boston Celtics,82,56,26,48.2,99.8,31.0,70.9,8.2,4.2,15.1,12.5,11.2,37.0,2010
Oklahoma City Thunder,82,55,27,48.8,105.9,31.8,69.7,8.0,5.9,15.4,14.4,12.3,44.9,2010
Orlando Magic,82,52,30,48.4,101.8,32.7,72.3,6.7,4.7,16.5,11.5,10.7,35.4,2010
Denver Nuggets,82,50,32,48.1,106.8,32.3,71.6,7.4,4.3,15.6,13.2,12.2,41.2,2010
Portland Trail Blazers,82,48,34,48.3,105.7,27.2,68.2,8.0,4.4,15.0,13.3,11.4,40.2,2010
Memphis Grizzlies,82,46,36,48.5,104.5,29.2,68.2,9.4,5.4,15.3,12.7,15.0,40.3,2010
New Orleans Hornets,82,46,36,48.4,104.4,30.1,72.1,7.6,4.4,14.6,10.5,11.7,38.1,2010
Atlanta Hawks,82,44,38,48.1,105.8,30.0,71.0,6.1,4.2,15.2,12.8,14.1,40.5,2010
Houston Rockets,82,43,39,48.5,107.9,31.1,69.0,7.1,4.5,15.2,14.3,14.7,45.9,2010
New York Knicks,82,42,40,48.2,109.0,30.1,67.6,7.6,5.8,16.1,14.5,12.7,46.0,2010
Philadelphia 76ers,82,41,41,48.6,103.8,31.4,71.4,7.6,4.3,14.7,12.2,13.3,41.0,2010
Phoenix Suns,82,40,42,48.8,109.4,30.2,68.1,6.6,4.4,16.8,14.0,14.0,43.8,2010
Utah Jazz,82,39,43,48.5,108.8,28.5,67.9,7.7,5.9,16.6,12.9,13.1,40.3,2010
Indiana Pacers,82,37,45,48.2,105.0,32.4,70.3,7.1,5.6,17.1,12.9,13.3,39.0,2010
Golden State Warriors,82,36,46,48.4,109.4,28.9,65.9,9.0,5.0,17.6,14.4,19.3,45.5,2010
Milwaukee Bucks,82,35,47,48.4,101.5,30.2,71.0,7.5,4.9,14.8,11.9,12.1,37.5,2010
Charlotte Bobcats,82,34,48,48.3,107.0,29.8,70.5,6.4,5.3,16.5,12.8,14.3,39.8,2010
Los Angeles Clippers,82,32,50,48.4,108.0,30.5,69.2,7.1,4.9,19.1,13.2,14.2,41.0,2010
Detroit Pistons,82,30,52,48.5,110.7,27.3,68.1,7.3,4.0,16.3,13.9,15.7,44.0,2010
New Jersey Nets,82,24,58,48.8,108.9,29.8,70.0,5.6,4.7,15.9,13.0,13.3,41.5,2010
Sacramento Kings,82,24,58,48.4,108.4,30.8,70.2,7.4,4.8,18.9,12.8,17.8,46.0,2010
Washington Wizards,82,23,59,48.6,109.1,29.0,67.1,8.1,6.1,18.1,14.0,16.6,44.1,2010
Toronto Raptors,82,22,60,48.2,111.7,28.6,68.5,7.1,4.3,17.7,13.9,16.7,47.4,2010
Cleveland Cavaliers,82,19,63,48.2,110.9,29.9,69.9,6.6,4.2,15.8,13.2,14.2,42.2,2010
Minnesota Timberwolves,82,17,65,48.2,109.9,31.2,69.8,7.2,5.1,20.0,14.2,17.1,41.8,2010
Cleveland Cavaliers,82,61,21,48.2,103.8,32.8,72.5,6.9,5.2,15.6,11.7,13.2,36.8,2009
Orlando Magic,82,59,23,48.1,102.8,33.4,72.6,6.2,5.6,16.3,11.7,11.2,36.6,2009
Los Angeles Lakers,82,57,25,48.4,102.7,32.5,70.8,7.5,4.9,15.2,12.9,12.8,40.7,2009
Dallas Mavericks,82,55,27,48.5,105.0,31.5,69.7,7.6,5.5,15.0,12.9,13.4,41.7,2009
Phoenix Suns,82,54,28,48.1,109.1,31.9,67.3,5.8,5.1,17.2,16.1,15.3,43.8,2009
Atlanta Hawks,82,53,29,48.4,106.0,29.9,68.5,7.2,5.0,13.6,14.0,15.9,42.9,2009
Denver Nuggets,82,53,29,48.2,106.5,30.5,68.7,8.3,5.1,16.5,14.0,13.9,42.6,2009
Utah Jazz,82,53,29,48.2,104.0,31.6,71.8,8.2,4.9,17.1,12.1,15.0,40.0,2009
Boston Celtics,82,50,32,48.2,103.2,29.9,69.7,8.5,4.9,16.1,12.8,11.6,38.2,2009
Oklahoma City Thunder,82,50,32,48.3,103.5,31.8,69.4,8.0,5.9,16.3,14.3,12.5,44.0,2009
Portland Trail Blazers,82,50,32,48.4,106.1,29.1,70.2,6.4,4.3,14.1,12.8,11.2,40.9,2009
San Antonio Spurs,82,50,32,48.2,103.9,32.0,72.0,6.3,4.6,15.7,12.6,14.7,41.0,2009
Miami Heat,82,47,35,48.5,103.4,31.1,70.1,7.4,5.6,13.8,12.6,11.4,37.0,2009
Milwaukee Bucks,82,46,36,48.7,101.9,31.2,72.6,7.1,4.7,14.8,11.1,12.8,37.5,2009
Charlotte Bobcats,82,44,38,48.5,102.0,30.4,69.8,7.7,5.4,16.9,12.7,12.8,39.6,2009
Houston Rockets,82,42,40,48.5,106.8,30.1,69.9,7.1,3.9,16.4,13.4,14.1,45.6,2009
Chicago Bulls,82,41,41,48.5,104.2,33.1,70.9,6.5,5.8,15.5,12.9,13.3,39.7,2009
Memphis Grizzlies,82,40,42,48.5,109.0,30.4,69.8,7.9,4.9,18.8,13.2,18.0,47.7,2009
Toronto Raptors,82,40,42,48.2,112.2,30.6,69.2,5.7,4.7,15.6,13.5,17.2,42.4,2009
New Orleans Hornets,82,37,45,48.4,108.9,29.9,69.6,7.6,3.7,15.9,13.4,14.4,45.2,2009
Indiana Pacers,82,32,50,48.1,106.0,31.9,69.0,7.1,5.4,17.4,14.0,13.5,39.3,2009
Los Angeles Clippers,82,29,53,48.1,109.1,30.5,69.7,6.5,5.7,18.8,13.5,13.6,43.5,2009
New York Knicks,82,29,53,48.5,110.3,30.2,69.1,7.1,3.7,15.9,14.1,12.7,47.2,2009
Detroit Pistons,82,27,55,48.2,110.3,27.3,69.7,7.3,3.8,16.2,12.9,14.1,38.6,2009
Philadelphia 76ers,82,27,55,48.3,108.9,29.5,69.3,8.1,5.4,16.4,12.7,13.7,42.5,2009
Golden State Warriors,82,26,56,48.1,110.3,29.2,65.9,9.3,4.1,17.9,16.0,18.2,48.4,2009
Washington Wizards,82,26,56,48.4,108.3,30.0,69.1,6.0,5.1,17.1,13.5,13.8,41.6,2009
Sacramento Kings,82,25,57,48.5,109.1,30.7,70.0,6.9,4.5,16.8,13.8,15.0,45.0,2009
Minnesota Timberwolves,82,15,67,48.2,110.4,31.2,70.5,7.3,3.7,19.6,13.4,17.9,44.6,2009
New Jersey Nets,82,12,70,48.2,108.9,28.8,68.6,7.0,4.8,16.6,13.9,16.5,44.9,2009
Cleveland Cavaliers,82,66,16,48.2,101.6,31.4,70.7,7.2,5.3,14.7,12.0,12.6,37.1,2008
Los Angeles Lakers,82,65,17,48.2,103.5,31.5,69.8,8.8,5.1,15.1,13.3,11.5,41.7,2008
Boston Celtics,82,62,20,48.5,101.6,31.5,71.5,7.6,4.7,17.5,11.0,10.6,36.1,2008
Orlando Magic,82,59,23,48.1,101.3,33.3,71.7,7.0,5.4,15.0,12.5,11.2,35.7,2008
Denver Nuggets,82,54,28,48.1,105.6,30.6,68.3,8.7,6.0,16.8,14.3,11.6,39.0,2008
Portland Trail Blazers,82,54,28,48.4,106.1,28.8,70.8,6.7,4.9,14.1,12.1,10.3,38.4,2008
San Antonio Spurs,82,54,28,48.5,103.4,32.2,74.0,5.8,4.0,13.2,10.8,12.1,37.0,2008
Houston Rockets,82,53,29,48.3,102.9,32.5,71.4,6.7,4.3,15.7,11.7,11.7,38.0,2008
Dallas Mavericks,82,50,32,48.3,107.0,31.6,70.7,7.2,5.2,14.8,13.0,13.3,38.9,2008
New Orleans Hornets,82,49,33,48.2,105.8,29.9,70.7,7.2,4.1,13.9,11.7,11.2,35.8,2008
Utah Jazz,82,48,34,48.5,105.8,29.5,69.3,8.8,4.6,16.6,13.6,13.3,43.3,2008
Atlanta Hawks,82,47,35,48.1,106.7,29.4,68.2,7.4,4.6,14.0,13.3,12.5,40.8,2008
Phoenix Suns,82,46,36,48.2,110.4,30.7,68.2,7.2,5.1,18.6,15.4,13.2,39.8,2008
Miami Heat,82,43,39,48.7,106.5,29.4,69.3,7.9,5.5,14.7,13.0,11.4,39.1,2008
Chicago Bulls,82,41,41,48.6,107.5,30.3,67.5,7.5,5.5,16.9,15.4,12.7,43.2,2008
Philadelphia 76ers,82,41,41,48.2,106.1,28.5,68.0,8.0,5.1,16.3,13.3,11.1,39.8,2008
Detroit Pistons,82,39,43,48.5,106.4,29.9,71.1,6.0,4.6,13.1,11.7,10.4,37.6,2008
Indiana Pacers,82,36,46,48.4,108.2,32.5,70.7,7.0,5.3,17.0,12.6,12.5,37.8,2008
Charlotte Bobcats,82,35,47,48.6,105.0,28.9,68.6,7.1,4.8,16.6,13.4,10.6,37.6,2008
Milwaukee Bucks,82,34,48,48.2,106.3,28.9,69.9,7.4,3.8,16.6,12.9,11.9,36.2,2008
New Jersey Nets,82,34,48,48.4,109.5,29.5,70.3,6.8,4.8,15.6,13.1,13.2,38.4,2008
Toronto Raptors,82,33,49,48.3,108.6,30.6,70.6,6.4,4.8,15.6,13.4,11.5,40.6,2008
New York Knicks,82,32,50,48.3,109.4,31.0,69.6,7.4,2.5,16.7,13.7,12.9,45.7,2008
Golden State Warriors,82,29,53,48.5,111.7,30.4,65.2,7.8,6.4,18.0,17.1,16.8,48.6,2008
Memphis Grizzlies,82,24,58,48.3,108.2,28.5,69.7,7.5,4.7,16.1,12.7,12.3,41.7,2008
Minnesota Timberwolves,82,24,58,48.3,109.9,29.8,71.7,6.2,3.9,16.5,12.1,13.0,39.8,2008
Oklahoma City Thunder,82,23,59,48.3,107.6,30.5,71.6,7.4,4.5,19.0,13.0,14.0,44.7,2008
Los Angeles Clippers,82,19,63,48.5,110.1,29.0,67.9,7.0,5.9,16.8,14.6,11.9,44.5,2008
Washington Wizards,82,19,63,48.1,112.1,28.4,68.9,7.5,4.5,17.4,13.2,13.7,40.0,2008
Sacramento Kings,82,17,65,48.5,113.4,28.9,66.9,6.9,4.3,18.7,13.9,14.3,45.6,2008
Boston Celtics,82,66,16,48.2,98.1,31.9,70.7,8.5,4.6,16.2,12.5,9.1,34.1,2007
Detroit Pistons,82,59,23,48.1,101.5,29.5,70.0,7.1,5.8,11.8,11.4,9.6,35.2,2007
Los Angeles Lakers,82,57,25,48.2,104.3,33.2,70.2,8.0,5.3,15.8,14.3,11.9,41.2,2007
New Orleans Hornets,82,56,26,48.3,104.4,30.4,71.7,7.8,3.9,12.5,11.3,11.3,38.2,2007
San Antonio Spurs,82,56,26,48.1,100.7,31.9,73.3,6.4,4.1,14.0,10.5,11.5,35.5,2007
Houston Rockets,82,55,27,48.1,100.5,32.4,71.1,7.3,5.1,14.4,12.7,12.9,35.8,2007
Phoenix Suns,82,55,27,48.2,107.0,32.7,67.4,6.5,6.3,16.1,15.4,12.2,44.8,2007
Utah Jazz,82,54,28,48.1,104.9,29.4,71.0,8.7,4.3,16.2,12.8,13.6,39.7,2007
Orlando Magic,82,52,30,48.2,104.9,32.6,70.9,6.3,4.1,16.1,12.7,12.5,37.4,2007
Dallas Mavericks,82,51,31,48.1,104.7,32.2,71.6,6.0,4.9,13.9,12.9,12.8,39.2,2007
Denver Nuggets,82,50,32,48.4,105.5,32.9,68.6,9.2,6.7,17.0,14.6,14.2,43.0,2007
Golden State Warriors,82,48,34,48.2,108.5,30.4,67.2,9.1,4.6,15.6,15.7,14.3,45.0,2007
Cleveland Cavaliers,82,45,37,48.4,105.4,31.3,71.5,7.1,5.2,15.8,11.3,12.4,37.5,2007
Washington Wizards,82,43,39,48.5,107.9,29.3,69.5,7.7,4.8,15.0,13.1,12.9,37.6,2007
Portland Trail Blazers,82,41,41,48.5,106.8,29.7,68.4,5.5,4.4,14.5,13.5,12.5,40.5,2007
Toronto Raptors,82,41,41,48.4,105.6,30.4,70.9,7.0,4.1,13.6,11.7,10.6,37.6,2007
Philadelphia 76ers,82,40,42,48.2,104.7,28.9,68.8,8.7,4.9,15.0,13.1,10.0,40.9,2007
Sacramento Kings,82,38,44,48.4,108.6,30.0,68.9,7.9,4.1,18.4,13.6,13.1,41.4,2007
Atlanta Hawks,82,37,45,48.4,107.3,29.9,68.2,7.3,5.5,17.2,14.2,13.3,43.5,2007
Indiana Pacers,82,36,46,48.2,106.3,32.1,70.1,7.6,5.0,17.2,13.2,12.0,37.0,2007
New Jersey Nets,82,34,48,48.4,107.7,30.7,70.6,6.4,4.8,16.7,13.4,12.7,37.4,2007
Chicago Bulls,82,33,49,48.3,106.0,30.2,68.7,7.7,5.2,16.4,12.7,12.9,35.6,2007
Charlotte Bobcats,82,32,50,48.5,108.2,29.8,67.4,7.5,4.9,16.8,15.0,13.5,43.9,2007
Milwaukee Bucks,82,26,56,48.4,111.1,28.8,69.4,6.6,4.4,17.2,13.0,14.2,41.6,2007
Los Angeles Clippers,82,23,59,48.3,107.4,30.4,70.3,6.8,4.9,15.7,13.2,10.4,43.5,2007
New York Knicks,82,23,59,48.5,110.4,30.0,69.7,6.4,2.6,17.3,13.5,12.5,41.0,2007
Memphis Grizzlies,82,22,60,48.3,110.2,31.3,70.6,6.1,4.7,18.0,13.0,16.2,45.8,2007
Minnesota Timberwolves,82,22,60,48.1,110.0,29.6,70.3,7.5,3.7,17.8,13.0,14.5,38.9,2007
Seattle SuperSonics,82,20,62,48.4,108.3,32.8,70.0,6.5,4.9,18.3,13.9,14.1,44.2,2007
Miami Heat,82,15,67,48.4,108.8,28.6,68.1,7.2,4.3,17.0,13.9,13.5,38.8,2007
Dallas Mavericks,82,67,15,48.2,102.1,30.7,71.9,6.8,5.0,15.2,11.4,12.7,36.9,2006
Phoenix Suns,82,61,21,48.5,105.5,31.5,68.3,6.7,4.8,16.2,15.3,10.5,42.3,2006
San Antonio Spurs,82,58,24,48.2,99.4,31.4,71.5,7.2,5.1,15.3,12.4,10.8,38.9,2006
Detroit Pistons,82,53,29,48.5,102.6,29.0,67.8,7.1,5.8,13.2,13.3,11.2,37.2,2006
Houston Rockets,82,52,30,48.4,99.7,32.6,72.5,7.1,4.1,14.8,11.6,9.6,33.0,2006
Utah Jazz,82,51,31,48.3,105.6,30.0,72.1,7.0,4.1,17.5,11.1,12.2,38.2,2006
Cleveland Cavaliers,82,50,32,48.5,100.6,30.8,72.1,7.6,4.3,14.7,12.3,10.7,38.1,2006
Chicago Bulls,82,49,33,48.2,98.8,31.7,70.7,7.8,5.4,17.2,11.9,10.7,35.1,2006
Toronto Raptors,82,47,35,48.2,104.4,30.2,71.1,7.1,3.9,15.1,12.6,11.7,40.0,2006
Denver Nuggets,82,45,37,48.2,105.1,31.2,67.8,8.3,5.3,18.6,14.3,14.6,44.8,2006
Miami Heat,82,44,38,48.4,104.6,30.8,69.3,6.9,5.4,16.4,13.3,12.8,36.1,2006
Golden State Warriors,82,42,40,48.2,106.5,29.9,66.2,9.1,5.7,18.3,16.0,13.4,43.9,2006
Los Angeles Lakers,82,42,40,48.9,107.5,30.4,69.0,7.3,5.1,18.2,14.1,12.2,43.7,2006
New Jersey Nets,82,41,41,48.5,105.1,30.8,71.4,6.1,3.3,16.6,12.5,11.1,35.6,2006
Washington Wizards,82,41,41,48.4,109.1,29.0,67.8,7.7,4.6,16.1,14.4,13.3,41.6,2006
Los Angeles Clippers,82,40,42,48.1,104.2,30.3,71.2,7.3,5.8,16.5,12.1,9.0,40.0,2006
Orlando Magic,82,40,42,48.2,103.3,29.5,69.7,6.9,5.1,18.0,11.6,13.0,34.0,2006
New Orleans/Oklahoma City Hornets,82,39,43,48.5,105.4,30.6,71.9,6.4,4.2,16.1,13.0,11.9,37.8,2006
Indiana Pacers,82,35,47,48.2,104.4,29.8,69.4,7.3,5.5,18.5,13.2,12.6,38.7,2006
Philadelphia 76ers,82,35,47,48.5,105.6,28.7,67.8,7.2,4.8,17.2,14.3,11.9,41.2,2006
Charlotte Bobcats,82,33,49,48.8,106.3,28.6,68.2,7.8,4.5,16.9,12.9,13.1,42.0,2006
New York Knicks,82,33,49,48.8,107.4,30.7,71.4,6.6,3.2,18.4,13.2,10.1,38.1,2006
Sacramento Kings,82,33,49,48.3,106.7,29.2,69.2,8.2,3.2,15.5,12.8,12.5,41.9,2006
Minnesota Timberwolves,82,32,50,48.8,106.5,30.2,69.8,6.5,4.0,17.5,13.8,11.8,40.4,2006
Portland Trail Blazers,82,32,50,48.7,108.6,28.0,69.7,6.8,4.6,18.3,12.6,13.9,41.2,2006
Seattle SuperSonics,82,31,51,48.4,108.9,28.3,67.6,7.7,3.7,17.7,14.7,12.6,43.6,2006
Atlanta Hawks,82,30,52,48.5,107.0,28.2,67.6,7.4,5.4,18.1,13.7,13.3,43.0,2006
Milwaukee Bucks,82,28,54,48.4,110.3,27.7,65.7,7.2,2.7,17.5,14.2,12.9,43.5,2006
Boston Celtics,82,24,58,48.4,105.8,29.2,70.5,7.2,4.7,18.2,12.0,12.4,41.7,2006
Memphis Grizzlies,82,22,60,48.7,110.9,29.0,68.2,6.9,5.0,19.8,14.2,14.6,45.4,2006
Detroit Pistons,82,64,18,48.4,101.7,28.6,68.0,7.1,6.0,13.5,12.6,11.4,40.1,2005
San Antonio Spurs,82,63,19,48.3,98.7,31.1,70.8,6.6,5.7,13.1,11.8,11.0,39.1,2005
Dallas Mavericks,82,60,22,48.5,103.2,29.6,69.0,7.2,6.0,14.0,12.8,12.3,35.9,2005
Phoenix Suns,82,54,28,48.7,104.7,32.3,69.0,6.7,5.0,14.9,14.6,11.2,41.4,2005
Miami Heat,82,52,30,48.2,103.4,32.6,72.6,6.4,5.4,16.4,11.9,12.4,35.3,2005
Cleveland Cavaliers,82,50,32,48.4,104.4,30.6,71.7,6.9,4.8,15.6,11.9,10.8,37.2,2005
Memphis Grizzlies,82,49,33,48.4,100.4,29.0,69.0,7.3,5.4,14.8,12.6,12.3,36.3,2005
New Jersey Nets,82,49,33,48.2,100.9,31.0,73.0,6.8,3.4,14.7,10.7,11.3,34.4,2005
Los Angeles Clippers,82,47,35,48.3,102.2,33.0,71.9,6.5,6.1,15.7,12.5,9.8,39.0,2005
Los Angeles Lakers,82,45,37,48.4,104.2,30.3,70.1,7.7,4.3,14.0,13.2,10.1,39.1,2005
Denver Nuggets,82,44,38,48.6,104.1,30.3,68.2,8.5,5.6,16.7,14.2,14.2,41.1,2005
Sacramento Kings,82,44,38,48.4,103.5,30.2,69.4,7.4,3.6,16.5,12.8,12.1,39.9,2005
Washington Wizards,82,42,40,48.4,105.8,28.6,67.9,8.0,4.1,15.9,13.1,12.5,40.4,2005
Chicago Bulls,82,41,41,48.5,102.7,31.7,70.3,6.2,4.2,16.3,13.1,10.6,32.2,2005
Indiana Pacers,82,41,41,48.1,101.0,31.2,69.9,7.3,5.0,16.2,13.1,11.1,37.9,2005
Utah Jazz,82,41,41,48.5,105.1,29.0,70.2,6.4,6.0,17.6,12.5,12.6,34.6,2005
Milwaukee Bucks,82,40,42,48.4,105.9,29.9,71.3,7.3,3.3,16.7,12.2,12.1,39.7,2005
New Orleans/Oklahoma City Hornets,82,38,44,48.3,105.1,29.0,70.9,7.5,3.8,14.3,12.4,12.0,36.3,2005
Philadelphia 76ers,82,38,44,48.5,106.5,29.6,67.6,7.9,4.9,15.9,14.0,13.4,41.4,2005
Orlando Magic,82,36,46,48.5,106.6,29.3,69.1,6.5,4.4,17.1,13.1,12.3,36.8,2005
Seattle SuperSonics,82,35,47,48.4,112.7,27.2,65.9,7.6,3.7,17.6,15.3,13.3,42.8,2005
Golden State Warriors,82,34,48,48.4,104.9,30.3,68.6,7.4,4.3,16.1,13.7,13.3,40.8,2005
Houston Rockets,82,34,48,48.4,102.1,31.3,70.5,7.2,3.9,15.2,11.6,10.2,30.0,2005
Boston Celtics,82,33,49,48.5,105.6,29.7,69.4,7.0,5.1,18.9,13.2,10.9,39.7,2005
Minnesota Timberwolves,82,33,49,48.4,103.5,29.5,67.3,6.8,5.7,15.5,14.5,10.2,39.6,2005
Toronto Raptors,82,27,55,48.7,111.2,27.9,69.7,6.5,3.3,15.0,12.9,12.4,43.0,2005
Atlanta Hawks,82,26,56,48.5,110.1,27.2,66.7,7.2,4.8,18.1,15.2,12.0,44.4,2005
Charlotte Bobcats,82,26,56,48.5,105.6,27.7,67.8,10.0,4.3,15.5,13.6,11.4,43.4,2005
New York Knicks,82,23,59,48.6,109.3,28.8,69.7,6.8,3.3,20.0,12.9,11.7,37.0,2005
Portland Trail Blazers,82,21,61,48.1,110.3,26.9,65.7,6.5,5.3,17.3,14.0,12.4,38.9,2005
Phoenix Suns,82,62,20,48.2,105.7,32.3,65.6,7.0,5.5,15.9,17.4,12.0,43.2,2004
Miami Heat,82,59,23,48.7,102.2,32.2,69.8,6.4,5.8,14.9,12.9,11.6,34.1,2004
San Antonio Spurs,82,59,23,48.3,97.8,30.4,69.7,7.5,6.6,14.6,12.3,10.9,37.2,2004
Dallas Mavericks,82,58,24,48.1,102.6,30.9,67.4,8.6,5.6,15.0,14.6,13.7,39.8,2004
Detroit Pistons,82,54,28,48.7,99.6,30.6,69.3,7.0,6.1,14.5,12.1,12.3,35.0,2004
Seattle SuperSonics,82,52,30,48.2,108.0,28.2,68.1,6.7,4.1,15.4,13.6,12.1,39.8,2004
Houston Rockets,82,51,31,48.4,100.1,31.7,71.3,6.9,4.6,15.1,11.5,10.1,30.9,2004
Sacramento Kings,82,50,32,48.4,106.5,29.9,66.7,8.2,3.9,15.2,15.0,12.9,42.9,2004
Denver Nuggets,82,49,33,48.2,102.6,30.2,67.8,9.1,6.0,16.0,14.0,13.0,39.2,2004
Chicago Bulls,82,47,35,48.4,99.1,31.6,69.1,7.0,4.5,17.2,12.6,10.3,33.3,2004
Boston Celtics,82,45,37,48.5,105.1,29.7,67.1,8.1,5.2,17.7,15.0,12.4,39.5,2004
Memphis Grizzlies,82,45,37,48.1,101.5,28.1,66.3,8.5,5.8,15.7,14.1,12.4,34.4,2004
Washington Wizards,82,45,37,48.2,105.9,29.0,66.7,8.7,4.2,15.8,14.8,12.2,40.7,2004
Indiana Pacers,82,44,38,48.5,102.7,29.5,68.7,7.5,4.4,14.4,12.5,10.9,35.3,2004
Minnesota Timberwolves,82,44,38,48.2,105.0,31.5,68.2,5.6,5.5,15.2,13.7,11.6,38.6,2004
Philadelphia 76ers,82,43,39,48.4,102.5,30.9,70.3,9.2,3.9,17.4,13.4,10.1,35.0,2004
Cleveland Cavaliers,82,42,40,48.4,104.7,28.7,67.4,8.0,5.6,15.3,13.2,12.6,37.9,2004
New Jersey Nets,82,42,40,48.5,101.6,29.1,70.1,7.9,3.8,14.8,12.6,11.2,32.0,2004
Los Angeles Clippers,82,37,45,48.9,104.5,29.9,68.7,7.3,5.1,17.5,12.9,10.0,39.3,2004
Orlando Magic,82,36,46,48.1,105.7,31.0,68.2,7.7,5.4,17.9,14.1,14.7,40.9,2004
Golden State Warriors,82,34,48,48.5,105.5,29.7,66.6,7.8,5.1,15.7,15.0,13.0,43.0,2004
Los Angeles Lakers,82,34,48,48.2,109.6,30.6,68.0,6.2,4.2,16.9,14.7,13.0,39.8,2004
New York Knicks,82,33,49,48.5,107.2,29.2,68.6,7.7,3.2,16.6,13.5,12.4,40.0,2004
Toronto Raptors,82,33,49,48.3,107.2,29.8,68.2,7.6,3.9,15.3,13.8,11.7,41.9,2004
Milwaukee Bucks,82,30,52,48.2,108.1,29.3,68.7,6.5,3.5,16.2,13.6,15.0,41.9,2004
Portland Trail Blazers,82,27,55,48.1,106.1,29.3,65.0,7.1,6.6,17.7,15.8,14.3,41.6,2004
Utah Jazz,82,26,56,48.2,107.3,27.4,69.5,6.6,4.6,17.8,12.1,13.4,35.6,2004
Charlotte Bobcats,82,18,64,48.5,106.0,28.5,67.6,8.5,5.4,16.6,13.1,14.0,40.8,2004
New Orleans Hornets,82,18,64,48.6,105.9,27.8,67.5,6.7,3.8,17.5,13.6,11.7,36.7,2004
Atlanta Hawks,82,13,69,48.4,109.0,28.5,69.6,7.7,4.2,18.5,13.6,13.1,41.4,2004
Indiana Pacers,82,61,21,48.3,96.2,29.9,70.6,8.9,5.0,14.9,11.4,11.7,35.6,2003
Minnesota Timberwolves,82,58,24,48.2,98.5,32.3,69.1,6.8,5.6,13.1,13.1,11.0,35.3,2003
San Antonio Spurs,82,57,25,48.2,93.1,32.5,71.0,8.1,6.5,14.5,11.9,10.6,36.4,2003
Los Angeles Lakers,82,56,26,48.4,100.1,30.9,70.1,8.3,4.6,14.5,13.1,11.0,37.7,2003
Sacramento Kings,82,55,27,48.2,103.2,30.4,67.6,8.7,4.0,15.1,14.1,13.2,42.6,2003
Detroit Pistons,82,54,28,48.2,93.9,30.4,68.6,8.0,7.0,14.6,12.7,10.3,33.7,2003
Dallas Mavericks,82,52,30,48.3,105.9,31.0,68.6,8.0,5.3,13.9,13.2,14.4,44.0,2003
Memphis Grizzlies,82,50,32,48.5,100.8,29.0,65.5,9.7,6.9,15.5,15.0,13.1,41.4,2003
New Jersey Nets,82,47,35,48.1,96.4,30.2,71.1,8.6,3.9,15.5,11.4,11.0,33.1,2003
Houston Rockets,82,45,37,48.6,97.8,32.3,70.8,6.8,5.4,17.1,12.4,10.3,30.3,2003
Denver Nuggets,82,43,39,48.1,101.4,29.1,66.4,9.1,6.3,16.4,14.2,14.0,42.9,2003
Miami Heat,82,42,40,48.2,100.3,30.0,70.7,7.2,3.8,15.2,12.2,9.9,33.5,2003
Utah Jazz,82,42,40,48.2,101.3,27.7,69.1,7.1,6.0,17.0,11.7,11.5,32.2,2003
Milwaukee Bucks,82,41,41,48.2,103.5,30.5,69.0,6.8,4.7,14.8,13.4,13.2,40.6,2003
New Orleans Hornets,82,41,41,48.4,100.6,29.5,68.1,8.6,4.2,16.1,13.1,11.5,37.4,2003
Portland Trail Blazers,82,41,41,48.7,103.5,29.0,67.0,7.5,5.4,16.5,13.8,12.2,38.9,2003
New York Knicks,82,39,43,48.5,101.3,31.0,70.1,7.4,4.8,17.0,12.6,10.7,34.7,2003
Golden State Warriors,82,37,45,48.4,102.6,30.9,69.4,7.0,4.7,15.3,13.4,12.2,38.7,2003
Seattle SuperSonics,82,37,45,48.3,106.4,28.3,65.5,8.1,4.7,17.2,15.2,13.5,39.0,2003
Boston Celtics,82,36,46,48.1,102.2,29.8,65.8,9.4,4.0,17.6,14.7,12.1,35.5,2003
Cleveland Cavaliers,82,35,47,48.4,103.1,31.9,68.8,7.1,6.5,15.7,13.4,13.1,38.1,2003
Philadelphia 76ers,82,33,49,48.4,100.4,29.4,68.1,8.0,4.4,16.8,13.3,11.9,36.6,2003
Toronto Raptors,82,33,49,48.7,98.8,29.5,67.3,7.4,4.9,14.5,13.9,11.3,37.7,2003
Phoenix Suns,82,29,53,48.1,104.2,29.3,66.1,9.0,4.7,17.0,15.0,11.2,40.0,2003
Atlanta Hawks,82,28,54,48.5,103.9,30.6,68.6,7.6,5.0,18.9,14.0,13.7,40.0,2003
Los Angeles Clippers,82,28,54,48.3,106.6,29.5,67.7,7.2,4.6,18.7,14.4,11.1,42.7,2003
Washington Wizards,82,25,57,48.4,102.9,29.2,66.7,8.9,5.0,20.1,13.6,15.9,40.0,2003
Chicago Bulls,82,23,59,48.4,102.1,30.7,67.9,8.0,4.8,17.4,13.2,12.0,36.5,2003
Orlando Magic,82,21,61,48.4,108.8,28.7,65.7,6.7,3.8,16.7,15.4,14.1,44.8,2003
Dallas Mavericks,82,60,22,48.2,101.0,31.0,67.7,8.1,5.5,12.4,14.3,12.3,38.5,2002
San Antonio Spurs,82,60,22,48.4,98.1,31.2,68.7,7.7,6.5,16.7,14.0,12.2,37.5,2002
Sacramento Kings,82,59,23,48.4,97.8,33.5,67.8,9.0,5.6,15.6,14.6,12.4,38.2,2002
Minnesota Timberwolves,82,51,31,48.3,102.5,31.9,69.5,6.7,5.3,15.0,13.8,11.7,38.2,2002
Detroit Pistons,82,50,32,48.5,98.2,29.8,70.7,6.8,5.7,14.0,11.7,10.2,34.0,2002
Los Angeles Lakers,82,50,32,48.6,103.4,31.1,69.3,7.8,5.7,15.9,13.8,11.9,37.7,2002
Portland Trail Blazers,82,50,32,48.4,101.5,29.0,68.9,8.8,3.9,17.2,13.3,12.9,38.0,2002
New Jersey Nets,82,49,33,48.2,96.6,30.8,70.2,8.7,4.6,15.6,12.3,10.9,34.2,2002
Indiana Pacers,82,48,34,48.5,99.6,32.0,69.4,8.5,5.4,16.3,13.7,13.8,37.9,2002
Philadelphia 76ers,82,48,34,48.4,100.6,29.5,70.4,10.3,3.5,16.3,12.3,13.8,36.8,2002
New Orleans Hornets,82,47,35,48.5,100.0,30.2,69.7,8.0,4.8,15.9,13.2,12.0,38.6,2002
Utah Jazz,82,47,35,48.2,101.1,29.0,67.3,8.6,5.7,17.6,12.9,11.7,35.3,2002
Boston Celtics,82,44,38,48.4,100.5,30.1,69.1,8.8,3.7,15.0,13.5,11.2,31.9,2002
Phoenix Suns,82,44,38,48.3,101.3,29.8,67.2,8.1,4.9,15.2,15.2,10.4,39.1,2002
Houston Rockets,82,43,39,48.6,100.9,31.3,69.8,7.2,6.0,16.5,13.2,10.7,34.8,2002
Milwaukee Bucks,82,42,40,48.5,106.9,28.9,66.6,7.6,4.2,14.4,15.0,11.9,38.6,2002
Orlando Magic,82,42,40,48.3,103.7,29.2,68.0,8.5,3.7,15.4,14.0,12.5,40.5,2002
Seattle SuperSonics,82,40,42,48.4,102.6,29.1,68.8,8.3,3.6,15.0,13.1,12.5,36.4,2002
Golden State Warriors,82,38,44,48.2,107.7,31.0,66.3,7.2,6.2,18.2,16.0,14.1,44.5,2002
New York Knicks,82,37,45,48.4,104.6,29.0,68.9,7.1,3.1,15.9,12.9,10.4,41.4,2002
Washington Wizards,82,37,45,48.4,102.6,29.2,68.6,7.6,4.8,15.2,13.7,11.7,35.7,2002
Atlanta Hawks,82,35,47,48.5,104.2,31.2,68.1,7.5,5.8,19.0,14.7,13.2,39.1,2002
Chicago Bulls,82,30,52,48.6,104.2,31.0,67.2,7.4,5.6,18.6,14.3,12.6,39.1,2002
Memphis Grizzlies,82,28,54,48.6,105.9,30.1,65.9,7.9,6.1,16.8,15.3,13.8,45.5,2002
Los Angeles Clippers,82,27,55,48.2,105.1,30.0,67.3,7.0,5.6,17.2,14.8,9.9,40.4,2002
Miami Heat,82,25,57,48.4,101.2,30.0,70.9,7.2,4.0,15.0,11.9,10.4,35.3,2002
Toronto Raptors,82,24,58,48.3,105.6,28.7,67.8,7.4,4.8,15.9,14.2,18.3,43.2,2002
Cleveland Cavaliers,82,17,65,48.4,105.1,31.0,69.7,7.8,6.4,20.3,13.1,16.3,39.5,2002
Denver Nuggets,82,17,65,48.1,100.1,28.8,69.7,8.7,5.1,19.4,11.3,13.9,35.0,2002
Sacramento Kings,82,61,21,48.2,99.7,33.0,69.0,9.0,4.6,14.4,14.5,12.8,41.5,2001
Los Angeles Lakers,82,58,24,48.2,100.4,31.8,68.6,7.6,5.8,13.7,14.6,10.7,37.0,2001
San Antonio Spurs,82,58,24,48.4,98.5,31.3,68.5,7.6,6.5,15.1,13.9,12.5,37.3,2001
Dallas Mavericks,82,57,25,48.5,106.0,31.3,68.3,7.1,4.8,14.2,15.1,13.6,43.5,2001
New Jersey Nets,82,52,30,48.4,98.1,30.7,68.3,8.7,6.0,14.6,13.0,10.8,35.3,2001
Detroit Pistons,82,50,32,48.0,100.9,28.9,67.6,7.9,6.9,16.0,13.2,11.2,36.0,2001
Minnesota Timberwolves,82,50,32,48.3,104.1,31.2,70.3,6.4,5.2,15.4,13.8,11.7,38.0,2001
Boston Celtics,82,49,33,48.4,99.9,31.3,69.5,9.7,3.6,14.9,13.6,12.6,30.9,2001
Portland Trail Blazers,82,49,33,48.4,102.6,29.8,70.3,8.6,4.5,15.3,12.6,12.6,36.8,2001
Seattle SuperSonics,82,45,37,48.4,104.1,28.5,65.6,8.5,4.4,15.3,14.7,13.1,38.5,2001
Charlotte Hornets,82,44,38,48.2,101.8,30.5,68.9,8.0,5.6,14.7,14.3,12.3,36.4,2001
Orlando Magic,82,44,38,48.4,104.1,29.7,66.5,8.1,4.7,14.6,14.9,14.7,42.0,2001
Utah Jazz,82,44,38,48.4,102.9,28.6,68.3,9.1,6.4,17.2,12.8,11.9,35.0,2001
Philadelphia 76ers,82,43,39,48.1,98.7,30.9,70.2,8.6,4.4,15.4,11.9,13.4,33.3,2001
Indiana Pacers,82,42,40,48.5,102.4,31.3,68.6,8.0,5.3,15.5,14.7,13.8,39.1,2001
Toronto Raptors,82,42,40,48.2,101.7,28.5,67.1,8.4,5.6,15.3,13.5,16.2,35.4,2001
Milwaukee Bucks,82,41,41,48.5,105.6,31.2,67.9,7.3,4.7,15.9,13.9,12.0,37.0,2001
Los Angeles Clippers,82,39,43,48.3,104.7,30.2,67.3,6.2,6.6,15.8,15.3,10.0,42.0,2001
Washington Wizards,82,37,45,48.1,104.5,29.2,68.5,7.0,4.3,15.1,13.3,12.6,36.0,2001
Miami Heat,82,36,46,48.6,99.0,31.0,71.0,6.7,5.5,16.3,12.0,11.4,33.4,2001
Phoenix Suns,82,36,46,48.4,102.6,29.6,67.2,8.1,4.9,16.1,14.5,11.7,38.2,2001
Atlanta Hawks,82,33,49,48.2,104.8,29.8,68.9,8.1,4.3,17.8,13.8,16.7,40.7,2001
New York Knicks,82,30,52,48.3,104.6,30.0,68.4,6.8,3.5,17.0,13.5,11.1,38.0,2001
Cleveland Cavaliers,82,29,53,48.4,107.0,30.3,69.0,7.0,5.7,16.6,13.4,13.0,39.7,2001
Houston Rockets,82,28,54,48.7,106.9,29.4,67.5,6.5,5.4,16.1,14.4,12.7,41.5,2001
Denver Nuggets,82,27,55,48.3,106.6,28.2,66.8,7.5,5.6,16.9,14.6,15.3,41.1,2001
Memphis Grizzlies,82,23,59,48.2,104.7,29.4,66.3,7.9,6.0,17.9,14.1,14.3,43.6,2001
Chicago Bulls,82,21,61,48.3,106.2,28.8,68.5,7.7,4.4,16.3,13.3,11.5,37.6,2001
Golden State Warriors,82,21,61,48.2,107.1,30.4,66.9,7.9,6.4,18.6,14.6,14.3,46.0,2001
San Antonio Spurs,82,58,24,48.4,96.6,33.1,70.3,6.9,7.0,14.8,12.0,12.3,34.0,2000
Los Angeles Lakers,82,56,26,48.5,103.6,31.5,69.1,6.9,6.0,16.0,13.5,12.8,37.9,2000
Philadelphia 76ers,82,56,26,48.4,97.3,31.7,70.4,8.4,5.0,16.2,12.6,13.5,36.6,2000
Sacramento Kings,82,55,27,49.0,98.5,33.0,67.9,9.7,5.3,16.1,13.5,13.9,39.4,2000
Dallas Mavericks,82,53,29,48.3,101.2,31.4,67.8,7.5,6.0,15.4,14.2,13.3,40.9,2000
Utah Jazz,82,53,29,48.2,100.9,29.1,70.1,8.1,5.6,15.9,12.5,10.8,32.1,2000
Milwaukee Bucks,82,52,30,48.2,102.6,30.5,68.3,8.2,4.7,14.9,14.5,12.2,36.9,2000
Phoenix Suns,82,51,31,48.3,96.7,30.8,70.2,9.5,5.2,16.1,12.6,13.1,36.3,2000
Miami Heat,82,50,32,48.5,97.1,29.7,70.0,7.7,3.7,14.4,12.2,10.0,35.8,2000
Portland Trail Blazers,82,50,32,48.2,100.5,30.3,70.0,8.2,5.1,15.7,12.6,11.2,36.4,2000
New York Knicks,82,48,34,48.5,97.0,30.8,70.7,6.6,4.2,15.4,10.7,7.3,30.2,2000
Minnesota Timberwolves,82,47,35,48.4,102.4,30.1,68.2,8.3,5.6,15.5,13.3,12.6,41.0,2000
Toronto Raptors,82,47,35,48.7,102.0,30.8,70.0,7.3,6.3,14.3,13.6,17.0,39.6,2000
Charlotte Hornets,82,46,36,48.5,97.6,31.8,71.0,8.1,5.5,15.6,12.9,10.5,35.4,2000
Houston Rockets,82,45,37,48.4,102.8,30.8,69.1,7.2,4.4,16.1,14.1,11.7,38.2,2000
Seattle SuperSonics,82,44,38,48.3,104.2,29.5,66.8,8.0,5.0,17.0,13.9,14.4,39.6,2000
Orlando Magic,82,43,39,48.7,101.1,29.9,66.2,8.2,5.9,16.1,14.5,13.3,37.0,2000
Indiana Pacers,82,41,41,48.7,100.5,31.6,68.5,6.9,5.9,15.5,13.3,12.8,34.2,2000
Denver Nuggets,82,40,42,48.2,104.9,31.5,69.0,6.7,6.6,15.2,13.9,15.0,41.9,2000
Boston Celtics,82,36,46,48.4,102.3,28.9,69.0,9.4,4.1,17.0,13.0,13.4,35.9,2000
Detroit Pistons,82,32,50,48.4,100.3,32.0,69.1,7.5,5.5,16.4,13.4,13.6,35.4,2000
Los Angeles Clippers,82,31,51,48.9,103.2,31.2,68.2,6.0,6.3,16.7,13.6,10.8,41.6,2000
Cleveland Cavaliers,82,30,52,48.4,103.5,29.8,67.8,7.8,5.3,18.5,13.8,14.6,36.6,2000
New Jersey Nets,82,26,56,48.1,103.8,28.5,67.3,7.9,5.0,16.2,14.1,13.8,37.2,2000
Atlanta Hawks,82,25,57,48.1,102.4,30.4,69.1,7.7,4.7,18.6,13.0,13.1,36.8,2000
Vancouver Grizzlies,82,23,59,48.2,104.2,29.6,67.5,7.1,4.4,18.0,14.6,14.4,42.4,2000
Washington Wizards,82,19,63,48.0,106.2,28.9,68.4,7.7,4.7,19.8,13.3,14.5,42.0,2000
Golden State Warriors,82,17,65,48.2,105.5,29.1,68.0,9.0,5.0,18.2,13.7,15.2,44.9,2000
Chicago Bulls,82,15,67,48.4,105.9,27.6,67.3,8.2,4.6,17.9,13.5,11.6,40.0,2000
Los Angeles Lakers,82,67,15,48.3,96.4,33.4,70.5,7.5,6.5,14.3,13.2,12.4,34.8,1999
Portland Trail Blazers,82,59,23,48.2,99.5,31.2,69.3,7.7,4.8,15.2,13.9,12.3,35.0,1999
Indiana Pacers,82,56,26,48.1,101.7,31.9,69.1,6.8,5.1,15.0,13.5,14.6,42.0,1999
Utah Jazz,82,55,27,48.2,101.1,29.6,69.8,7.7,5.4,15.7,12.3,10.3,32.6,1999
Phoenix Suns,82,53,29,48.3,97.3,31.2,67.6,9.1,5.3,17.4,14.1,12.0,36.0,1999
San Antonio Spurs,82,53,29,48.4,97.1,32.5,70.3,7.5,6.7,15.5,13.3,11.8,35.3,1999
Miami Heat,82,52,30,48.4,99.4,31.9,69.6,7.1,6.4,16.0,12.7,11.7,34.1,1999
Minnesota Timberwolves,82,50,32,48.5,101.7,30.1,69.6,7.6,5.4,14.8,13.2,13.3,38.5,1999
New York Knicks,82,50,32,48.4,99.5,30.7,69.9,6.3,4.3,15.9,12.4,10.5,31.8,1999
Charlotte Hornets,82,49,33,48.2,99.7,32.1,71.2,8.9,5.9,15.9,13.4,14.0,39.8,1999
Philadelphia 76ers,82,49,33,48.4,98.3,30.1,68.0,9.6,4.7,15.1,12.7,12.7,37.2,1999
Seattle SuperSonics,82,45,37,48.2,103.1,30.3,67.3,8.0,4.2,14.8,15.0,13.2,40.3,1999
Toronto Raptors,82,45,37,48.2,102.8,29.9,68.6,8.1,6.6,14.9,13.4,18.1,40.0,1999
Sacramento Kings,82,44,38,48.3,100.7,32.1,67.9,9.6,4.6,18.3,14.2,17.0,42.2,1999
Detroit Pistons,82,42,40,48.4,103.8,30.0,69.4,8.1,3.3,17.4,14.3,12.7,37.0,1999
Milwaukee Bucks,82,42,40,48.4,106.2,28.9,66.7,8.2,4.6,16.8,14.3,14.2,37.0,1999
Orlando Magic,82,41,41,48.2,100.3,31.0,66.9,9.1,5.7,18.3,14.5,14.6,39.8,1999
Dallas Mavericks,82,40,42,48.1,105.2,29.8,64.7,7.2,5.1,15.5,16.8,15.2,42.9,1999
Boston Celtics,82,35,47,48.1,103.9,29.5,70.5,9.7,3.5,16.8,12.5,13.8,39.1,1999
Denver Nuggets,82,35,47,48.4,104.5,31.6,68.8,6.8,7.5,17.8,14.2,15.2,42.2,1999
Houston Rockets,82,34,48,48.4,104.2,31.5,69.1,7.5,5.3,19.0,14.3,14.5,42.3,1999
Cleveland Cavaliers,82,32,50,48.4,102.2,30.5,68.5,8.7,4.4,19.5,14.5,13.2,37.7,1999
New Jersey Nets,82,31,51,48.4,103.9,28.2,65.7,8.8,4.8,14.8,15.3,15.6,43.0,1999
Washington Wizards,82,29,53,48.3,105.2,29.7,68.6,7.2,4.7,17.7,13.1,14.5,39.6,1999
Atlanta Hawks,82,28,54,48.4,105.8,31.3,69.8,6.1,5.6,17.7,13.8,17.0,42.1,1999
Vancouver Grizzlies,82,22,60,48.4,106.7,28.3,67.9,7.4,4.2,19.0,13.9,16.5,43.7,1999
Golden State Warriors,82,19,63,48.2,106.5,29.7,67.3,8.9,4.3,16.7,15.4,15.3,43.5,1999
Chicago Bulls,82,17,65,48.3,102.8,28.3,67.6,7.9,4.7,21.0,12.9,13.4,39.1,1999
Los Angeles Clippers,82,15,67,48.1,108.0,29.0,67.4,7.0,6.0,18.7,15.0,15.6,48.8,1999
San Antonio Spurs,50,37,13,48.3,93.6,31.7,67.4,8.4,7.0,16.2,13.9,11.5,34.6,1998
Utah Jazz,50,37,13,48.7,96.7,30.2,67.7,8.0,5.5,16.9,13.0,9.8,34.8,1998
Portland Trail Blazers,50,35,15,48.7,96.2,31.4,68.7,8.2,5.8,15.0,12.9,10.5,35.0,1998
Indiana Pacers,50,33,17,48.4,102.2,29.0,67.1,6.3,4.5,13.9,12.5,13.2,34.0,1998
Miami Heat,50,33,17,48.1,97.1,30.2,68.3,6.5,6.1,16.5,12.8,9.0,31.7,1998
Orlando Magic,50,33,17,48.2,96.3,28.9,68.5,9.9,4.3,17.3,12.3,13.9,39.2,1998
Atlanta Hawks,50,31,19,48.3,95.3,30.0,70.1,6.9,5.2,15.0,11.7,10.6,31.7,1998
Houston Rockets,50,31,19,48.3,101.0,30.8,67.8,7.7,5.2,17.3,13.8,12.4,37.6,1998
Los Angeles Lakers,50,31,19,48.2,102.8,29.6,67.1,7.8,5.7,16.8,14.7,13.0,38.5,1998
Detroit Pistons,50,29,21,48.2,98.4,28.2,69.7,8.9,4.2,16.0,12.0,10.5,31.1,1998
Milwaukee Bucks,50,28,22,48.2,101.2,27.4,64.8,8.8,4.0,15.5,14.7,11.4,33.4,1998
Philadelphia 76ers,50,28,22,48.6,95.5,28.6,67.9,10.8,5.4,16.9,12.3,11.8,33.0,1998
New York Knicks,50,27,23,48.4,95.9,30.2,67.1,7.9,5.2,16.0,12.5,8.1,28.5,1998
Phoenix Suns,50,27,23,48.2,101.6,28.4,67.1,8.9,4.0,15.0,15.6,12.3,38.0,1998
Sacramento Kings,50,27,23,48.8,101.6,31.5,65.4,8.9,4.6,17.9,16.1,13.3,45.8,1998
Charlotte Hornets,50,26,24,48.6,100.4,29.9,67.8,8.9,4.9,18.3,13.8,13.8,37.7,1998
Minnesota Timberwolves,50,25,25,48.1,99.4,27.8,67.3,8.5,5.4,14.1,13.0,12.8,36.1,1998
Seattle SuperSonics,50,25,25,48.4,104.2,28.4,67.3,7.9,4.0,16.2,14.5,12.9,42.0,1998
Toronto Raptors,50,23,27,48.3,101.8,28.9,67.5,8.8,6.4,18.1,12.5,16.4,33.8,1998
Cleveland Cavaliers,50,22,28,48.2,100.1,26.3,65.6,9.0,4.1,17.0,13.8,11.4,35.7,1998
Golden State Warriors,50,21,29,48.5,98.9,31.2,69.0,8.3,4.4,16.3,13.4,10.4,38.6,1998
Boston Celtics,50,19,31,48.6,100.8,29.2,66.6,9.1,5.1,18.2,14.8,14.5,42.4,1998
Dallas Mavericks,50,19,31,48.3,103.0,29.6,67.3,7.0,5.8,15.7,13.4,13.2,39.2,1998
Washington Wizards,50,18,32,48.2,102.1,28.1,67.3,7.9,3.9,16.2,12.5,13.2,36.9,1998
New Jersey Nets,50,16,34,48.2,101.2,28.7,68.2,9.8,5.5,16.1,13.0,12.4,42.5,1998
Denver Nuggets,50,14,36,48.1,108.6,27.8,66.0,7.5,5.5,16.2,13.6,13.0,44.4,1998
Chicago Bulls,50,13,37,48.3,101.7,27.9,68.4,8.7,3.4,17.7,12.0,12.6,38.5,1998
Los Angeles Clippers,50,9,41,48.5,107.8,25.9,64.6,8.5,4.7,17.5,14.9,15.5,46.6,1998
Vancouver Grizzlies,50,8,42,48.7,106.3,27.2,64.5,8.4,4.0,19.3,15.1,17.6,43.6,1998
Chicago Bulls,82,62,20,48.4,98.4,29.7,67.6,8.5,4.3,15.0,13.6,12.3,37.4,1997
Utah Jazz,82,62,20,48.2,103.8,29.3,68.4,7.9,5.0,17.0,13.6,10.1,35.3,1997
Los Angeles Lakers,82,61,21,48.4,102.3,30.1,65.6,9.0,6.8,17.5,15.6,13.3,40.4,1997
Seattle SuperSonics,82,61,21,48.2,102.3,27.1,63.5,9.8,4.6,15.5,15.4,13.0,38.9,1997
Indiana Pacers,82,58,24,48.4,99.5,28.6,65.7,7.9,4.5,14.5,14.3,12.2,37.2,1997
Phoenix Suns,82,56,26,48.7,100.6,29.9,66.4,9.2,5.2,16.3,14.5,11.8,39.8,1997
San Antonio Spurs,82,56,26,48.4,98.0,32.2,69.6,6.3,6.9,16.6,13.5,10.6,33.7,1997
Miami Heat,82,55,27,48.2,100.5,29.5,66.9,8.1,5.2,16.4,14.5,10.8,36.8,1997
Charlotte Hornets,82,51,31,48.2,103.3,28.5,69.1,8.4,3.8,17.1,13.8,13.0,40.9,1997
Atlanta Hawks,82,50,32,48.5,102.5,29.5,66.9,7.9,6.0,16.4,14.0,13.3,38.2,1997
Cleveland Cavaliers,82,47,35,48.4,97.5,28.4,67.8,9.9,5.1,18.6,12.8,13.2,36.4,1997
Portland Trail Blazers,82,46,36,48.4,100.8,30.8,68.5,7.1,5.7,17.5,12.3,13.4,36.2,1997
Minnesota Timberwolves,82,45,37,48.6,105.5,29.6,65.7,7.8,5.2,16.4,16.3,14.0,42.2,1997
New Jersey Nets,82,43,39,48.5,104.3,26.1,65.0,9.5,3.8,16.0,15.2,13.6,44.8,1997
New York Knicks,82,43,39,48.4,98.8,29.7,70.3,7.7,3.4,15.3,12.2,9.3,32.4,1997
Washington Wizards,82,42,40,48.3,103.2,28.5,67.3,8.4,4.6,15.4,14.3,13.7,42.8,1997
Houston Rockets,82,41,41,48.4,106.8,28.7,67.2,8.4,3.6,17.6,15.6,13.9,41.5,1997
Orlando Magic,82,41,41,48.4,102.2,26.9,64.6,7.9,5.4,16.8,14.5,14.8,41.0,1997
Detroit Pistons,82,37,45,48.7,101.8,28.5,66.8,8.3,4.2,15.6,14.2,11.0,34.3,1997
Boston Celtics,82,36,46,48.1,103.5,24.9,64.2,12.0,4.5,17.7,14.4,15.2,46.8,1997
Milwaukee Bucks,82,36,46,48.6,103.7,27.3,66.4,8.9,4.4,18.9,13.6,16.8,43.1,1997
Philadelphia 76ers,82,31,51,48.2,103.3,28.0,66.0,8.9,6.0,18.5,14.6,14.6,37.9,1997
Sacramento Kings,82,27,55,48.1,105.0,28.1,64.3,7.3,5.1,17.5,15.1,15.7,44.4,1997
Dallas Mavericks,82,20,62,48.5,105.2,27.8,63.2,7.9,5.7,16.6,16.4,15.9,44.0,1997
Golden State Warriors,82,19,63,48.4,103.5,30.2,66.4,7.6,5.5,18.5,15.3,13.8,41.0,1997
Vancouver Grizzlies,82,19,63,48.4,110.2,28.2,65.2,7.5,4.3,19.6,15.2,17.9,43.0,1997
Los Angeles Clippers,82,17,65,48.2,109.6,27.8,63.8,7.6,5.6,18.7,16.4,14.7,47.9,1997
Toronto Raptors,82,16,66,48.6,108.9,26.2,60.2,9.4,8.1,19.3,18.0,22.5,48.4,1997
Denver Nuggets,82,11,71,48.1,110.6,26.3,63.9,8.1,4.8,18.9,15.2,12.8,40.8,1997
Chicago Bulls,82,69,13,48.1,100.7,30.0,67.0,8.7,4.0,14.2,14.4,10.5,38.5,1996
Utah Jazz,82,64,18,48.4,102.6,29.4,68.7,9.1,5.1,16.3,13.0,8.0,34.7,1996
Miami Heat,82,61,21,48.3,99.2,29.3,67.8,7.9,5.4,17.1,12.9,9.4,37.7,1996
Houston Rockets,82,57,25,48.4,102.8,31.3,69.2,8.4,4.2,18.2,14.2,12.7,39.7,1996
New York Knicks,82,57,25,48.4,99.5,30.7,70.0,7.7,4.6,18.4,12.5,8.9,33.8,1996
Seattle SuperSonics,82,57,25,48.2,101.0,27.7,65.7,11.0,4.7,16.3,14.6,10.8,34.3,1996
Atlanta Hawks,82,56,26,48.3,100.3,28.7,67.0,8.5,5.2,16.1,14.4,11.3,36.6,1996
Los Angeles Lakers,82,56,26,48.6,102.3,29.4,65.8,9.0,7.0,16.1,14.9,13.6,40.5,1996
Charlotte Hornets,82,54,28,48.3,107.1,28.0,66.1,7.3,4.3,16.3,16.1,11.1,42.6,1996
Detroit Pistons,82,54,28,48.4,102.6,28.0,67.5,7.7,3.5,14.0,13.2,9.5,32.2,1996
Portland Trail Blazers,82,49,33,48.4,102.1,30.4,69.1,7.8,5.3,18.2,12.7,12.4,38.9,1996
Orlando Magic,82,45,37,48.4,104.2,27.1,65.1,8.5,4.4,17.7,14.3,16.4,43.4,1996
Washington Bullets,82,44,38,48.4,103.7,29.5,67.6,8.7,4.9,17.2,13.5,12.6,39.9,1996
Cleveland Cavaliers,82,42,40,48.4,100.8,26.3,68.1,8.0,3.8,15.7,11.3,8.8,33.2,1996
Minnesota Timberwolves,82,40,42,48.2,105.5,28.1,64.9,7.5,6.8,16.9,14.5,13.0,42.2,1996
Phoenix Suns,82,40,42,48.4,107.1,29.0,66.3,8.1,3.9,16.2,15.6,11.6,43.3,1996
Indiana Pacers,82,39,43,48.6,102.9,29.1,66.8,7.1,4.8,18.3,13.4,13.2,35.0,1996
Los Angeles Clippers,82,36,46,48.6,106.2,27.3,65.4,8.9,5.4,18.2,14.0,12.7,44.3,1996
Sacramento Kings,82,34,48,48.3,107.0,28.1,66.1,7.2,4.4,18.7,13.9,13.7,41.6,1996
Milwaukee Bucks,82,33,49,48.1,106.7,27.6,66.9,7.7,4.2,18.5,13.4,17.0,44.4,1996
Golden State Warriors,82,30,52,48.5,110.3,27.5,64.8,7.5,4.4,20.7,15.2,12.2,43.4,1996
Toronto Raptors,82,30,52,48.4,106.4,27.5,65.7,8.8,6.3,18.8,14.8,17.7,43.2,1996
New Jersey Nets,82,26,56,48.2,107.2,29.0,66.9,8.3,5.9,17.7,14.3,14.9,43.3,1996
Dallas Mavericks,82,24,58,48.3,106.0,27.6,65.0,8.0,4.3,17.5,13.7,14.6,39.1,1996
Philadelphia 76ers,82,22,60,48.2,109.5,28.7,65.4,8.3,4.8,20.6,16.5,16.5,48.1,1996
Denver Nuggets,82,21,61,48.6,109.7,29.9,66.6,6.1,5.9,19.3,15.6,13.4,45.4,1996
San Antonio Spurs,82,20,62,48.1,110.8,26.0,64.3,7.9,5.3,17.3,15.0,12.9,40.8,1996
Boston Celtics,82,15,67,48.5,110.1,26.7,65.8,9.9,3.8,19.0,14.6,15.9,52.7,1996
Vancouver Grizzlies,82,14,68,48.2,110.1,26.3,61.8,8.0,5.7,18.1,16.0,14.4,46.2,1996
